Key;English;French;German;Polish;Spanish;Italian;Swedish;Czech;Hungarian;Dutch;Portuguese;Russian;Finnish;
gtfo_on_title;Enable 'Release Vassal' decisions;;;;;;;;;;;;;
gtfo_on_desc;The Release Vassal decisions allow you to release vassals, and are otherwise kept hidden from view to avoid having them clutter up your decision list.;;;;;;;;;;;;;
gtfo_off_title;Disable 'Release Vassal' decisions;;;;;;;;;;;;;
gtfo_off_desc;Your decision list will now be uncluttered!;;;;;;;;;;;;;
gtfo_disabled_title;Deactivate 'Release Vassal' decisions;;;;;;;;;;;;;
gtfo_disabled_desc;The 'Release Vassal' decisions will disappear from this game session and won't reappear again. You won't be able to use these decisions again for this game.;;;;;;;;;;;;;
gtfo_MNP_title;Grant Manipur Independence;;;;;;;;;;;;;
gtfo_MNP_desc;We've had a good run, but it's time to end our rulership of Manipur: if you love something, let it go!;;;;;;;;;;;;;
gtfo_BDK_title;Grant Badakhshan Independence;;;;;;;;;;;;;
gtfo_BDK_desc;We've had a good run, but it's time to end our rulership of Badakhshan: if you love something, let it go!;;;;;;;;;;;;;
gtfo_PGG_title;Grant Pingnan Guo Independence;;;;;;;;;;;;;
gtfo_PGG_desc;We've had a good run, but it's time to end our rulership of Pingnan Guo: if you love something, let it go!;;;;;;;;;;;;;
gtfo_SGM_title;Grant Sigmaringen Independence;;;;;;;;;;;;;
gtfo_SGM_desc;We've had a good run, but it's time to end our rulership of Sigmaringen: if you love something, let it go!;;;;;;;;;;;;;
gtfo_NMB_title;Grant Namibia Independence;;;;;;;;;;;;;
gtfo_NMB_desc;We've had a good run, but it's time to end our rulership of Namibia: if you love something, let it go!;;;;;;;;;;;;;
gtfo_TMR_title;Grant Timor Independence;;;;;;;;;;;;;
gtfo_TMR_desc;We've had a good run, but it's time to end our rulership of Timor: if you love something, let it go!;;;;;;;;;;;;;
gtfo_SLG_title;Grant Selangor Independence;;;;;;;;;;;;;
gtfo_SLG_desc;We've had a good run, but it's time to end our rulership of Selangor: if you love something, let it go!;;;;;;;;;;;;;
gtfo_PRK_title;Grant Perak Independence;;;;;;;;;;;;;
gtfo_PRK_desc;We've had a good run, but it's time to end our rulership of Perak: if you love something, let it go!;;;;;;;;;;;;;
gtfo_PHG_title;Grant Pahang Independence;;;;;;;;;;;;;
gtfo_PHG_desc;We've had a good run, but it's time to end our rulership of Pahang: if you love something, let it go!;;;;;;;;;;;;;
gtfo_FRO_title;Grant Faroe Independence;;;;;;;;;;;;;
gtfo_FRO_desc;We've had a good run, but it's time to end our rulership of Faroe: if you love something, let it go!;;;;;;;;;;;;;
gtfo_NCT_title;Grant Neuchatel Independence;;;;;;;;;;;;;
gtfo_NCT_desc;We've had a good run, but it's time to end our rulership of Neuchatel: if you love something, let it go!;;;;;;;;;;;;;
gtfo_HBY_title;Grant Hobyo Independence;;;;;;;;;;;;;
gtfo_HBY_desc;We've had a good run, but it's time to end our rulership of Hobyo: if you love something, let it go!;;;;;;;;;;;;;
gtfo_QAT_title;Grant Qatar Independence;;;;;;;;;;;;;
gtfo_QAT_desc;We've had a good run, but it's time to end our rulership of Qatar: if you love something, let it go!;;;;;;;;;;;;;
gtfo_BRY_title;Grant Buryatia Independence;;;;;;;;;;;;;
gtfo_BRY_desc;We've had a good run, but it's time to end our rulership of Buryatia: if you love something, let it go!;;;;;;;;;;;;;
gtfo_MLD_title;Grant Maldives Independence;;;;;;;;;;;;;
gtfo_MLD_desc;We've had a good run, but it's time to end our rulership of Maldives: if you love something, let it go!;;;;;;;;;;;;;
gtfo_KAR_title;Grant Karen Independence;;;;;;;;;;;;;
gtfo_KAR_desc;We've had a good run, but it's time to end our rulership of Karen: if you love something, let it go!;;;;;;;;;;;;;
gtfo_PAK_title;Grant Pakistan Independence;;;;;;;;;;;;;
gtfo_PAK_desc;We've had a good run, but it's time to end our rulership of Pakistan: if you love something, let it go!;;;;;;;;;;;;;
gtfo_CRL_title;Grant Chitral Independence;;;;;;;;;;;;;
gtfo_CRL_desc;We've had a good run, but it's time to end our rulership of Chitral: if you love something, let it go!;;;;;;;;;;;;;
gtfo_RDL_title;Grant Ardalan Independence;;;;;;;;;;;;;
gtfo_RDL_desc;We've had a good run, but it's time to end our rulership of Ardalan: if you love something, let it go!;;;;;;;;;;;;;
gtfo_BTL_title;Grant Bitlis Independence;;;;;;;;;;;;;
gtfo_BTL_desc;We've had a good run, but it's time to end our rulership of Bitlis: if you love something, let it go!;;;;;;;;;;;;;
gtfo_BDN_title;Grant Bahdinan Independence;;;;;;;;;;;;;
gtfo_BDN_desc;We've had a good run, but it's time to end our rulership of Bahdinan: if you love something, let it go!;;;;;;;;;;;;;
gtfo_BNB_title;Grant Baban Independence;;;;;;;;;;;;;
gtfo_BNB_desc;We've had a good run, but it's time to end our rulership of Baban: if you love something, let it go!;;;;;;;;;;;;;
gtfo_MKN_title;Grant Mukriyan Independence;;;;;;;;;;;;;
gtfo_MKN_desc;We've had a good run, but it's time to end our rulership of Mukriyan: if you love something, let it go!;;;;;;;;;;;;;
gtfo_BHT_title;Grant Bohtan Independence;;;;;;;;;;;;;
gtfo_BHT_desc;We've had a good run, but it's time to end our rulership of Bohtan: if you love something, let it go!;;;;;;;;;;;;;
gtfo_SRN_title;Grant Soran Independence;;;;;;;;;;;;;
gtfo_SRN_desc;We've had a good run, but it's time to end our rulership of Soran: if you love something, let it go!;;;;;;;;;;;;;
gtfo_LBG_title;Grant Limburg Independence;;;;;;;;;;;;;
gtfo_LBG_desc;We've had a good run, but it's time to end our rulership of Limburg: if you love something, let it go!;;;;;;;;;;;;;
gtfo_PNB_title;Grant Pernambuco Independence;;;;;;;;;;;;;
gtfo_PNB_desc;We've had a good run, but it's time to end our rulership of Pernambuco: if you love something, let it go!;;;;;;;;;;;;;
gtfo_FIU_title;Grant Fiume Independence;;;;;;;;;;;;;
gtfo_FIU_desc;We've had a good run, but it's time to end our rulership of Fiume: if you love something, let it go!;;;;;;;;;;;;;
gtfo_SYC_title;Grant Sicily Independence;;;;;;;;;;;;;
gtfo_SYC_desc;We've had a good run, but it's time to end our rulership of Sicily: if you love something, let it go!;;;;;;;;;;;;;
gtfo_MDV_title;Grant Moldova Independence;;;;;;;;;;;;;
gtfo_MDV_desc;We've had a good run, but it's time to end our rulership of Moldova: if you love something, let it go!;;;;;;;;;;;;;
gtfo_ABK_title;Grant Abkhazia Independence;;;;;;;;;;;;;
gtfo_ABK_desc;We've had a good run, but it's time to end our rulership of Abkhazia: if you love something, let it go!;;;;;;;;;;;;;
gtfo_CRT_title;Grant Corrientes Independence;;;;;;;;;;;;;
gtfo_CRT_desc;We've had a good run, but it's time to end our rulership of Corrientes: if you love something, let it go!;;;;;;;;;;;;;
gtfo_SBA_title;Grant Buenos Aires Independence;;;;;;;;;;;;;
gtfo_SBA_desc;We've had a good run, but it's time to end our rulership of Buenos Aires: if you love something, let it go!;;;;;;;;;;;;;
gtfo_ARC_title;Grant Argentine Confederation Independence;;;;;;;;;;;;;
gtfo_ARC_desc;We've had a good run, but it's time to end our rulership of Argentine Confederation: if you love something, let it go!;;;;;;;;;;;;;
gtfo_LHJ_title;Grant Lahej Independence;;;;;;;;;;;;;
gtfo_LHJ_desc;We've had a good run, but it's time to end our rulership of Lahej: if you love something, let it go!;;;;;;;;;;;;;
gtfo_FDL_title;Grant Fadhli Independence;;;;;;;;;;;;;
gtfo_FDL_desc;We've had a good run, but it's time to end our rulership of Fadhli: if you love something, let it go!;;;;;;;;;;;;;
gtfo_KTH_title;Grant Kathiri Independence;;;;;;;;;;;;;
gtfo_KTH_desc;We've had a good run, but it's time to end our rulership of Kathiri: if you love something, let it go!;;;;;;;;;;;;;
gtfo_MHR_title;Grant Mahra Independence;;;;;;;;;;;;;
gtfo_MHR_desc;We've had a good run, but it's time to end our rulership of Mahra: if you love something, let it go!;;;;;;;;;;;;;
gtfo_KML_title;Grant Kumul Independence;;;;;;;;;;;;;
gtfo_KML_desc;We've had a good run, but it's time to end our rulership of Kumul: if you love something, let it go!;;;;;;;;;;;;;
gtfo_SHK_title;Grant Shilluk Independence;;;;;;;;;;;;;
gtfo_SHK_desc;We've had a good run, but it's time to end our rulership of Shilluk: if you love something, let it go!;;;;;;;;;;;;;
gtfo_WRL_title;Grant Warsangali Independence;;;;;;;;;;;;;
gtfo_WRL_desc;We've had a good run, but it's time to end our rulership of Warsangali: if you love something, let it go!;;;;;;;;;;;;;
gtfo_BHP_title;Grant Bahawalpur Independence;;;;;;;;;;;;;
gtfo_BHP_desc;We've had a good run, but it's time to end our rulership of Bahawalpur: if you love something, let it go!;;;;;;;;;;;;;
gtfo_EZO_title;Grant Ezo Independence;;;;;;;;;;;;;
gtfo_EZO_desc;We've had a good run, but it's time to end our rulership of Ezo: if you love something, let it go!;;;;;;;;;;;;;
gtfo_CHY_title;Grant Chechnya Independence;;;;;;;;;;;;;
gtfo_CHY_desc;We've had a good run, but it's time to end our rulership of Chechnya: if you love something, let it go!;;;;;;;;;;;;;
gtfo_CHK_title;Grant Champasak Independence;;;;;;;;;;;;;
gtfo_CHK_desc;We've had a good run, but it's time to end our rulership of Champasak: if you love something, let it go!;;;;;;;;;;;;;
gtfo_QNG_title;Grant Qing China Independence;;;;;;;;;;;;;
gtfo_QNG_desc;We've had a good run, but it's time to end our rulership of Qing China: if you love something, let it go!;;;;;;;;;;;;;
gtfo_MGH_title;Grant Maghreb Independence;;;;;;;;;;;;;
gtfo_MGH_desc;We've had a good run, but it's time to end our rulership of Maghreb: if you love something, let it go!;;;;;;;;;;;;;
gtfo_BAH_title;Grant Bahia Independence;;;;;;;;;;;;;
gtfo_BAH_desc;We've had a good run, but it's time to end our rulership of Bahia: if you love something, let it go!;;;;;;;;;;;;;
gtfo_CHP_title;Grant Chiapas Independence;;;;;;;;;;;;;
gtfo_CHP_desc;We've had a good run, but it's time to end our rulership of Chiapas: if you love something, let it go!;;;;;;;;;;;;;
gtfo_CEQ_title;Grant Equador Confederation Independence;;;;;;;;;;;;;
gtfo_CEQ_desc;We've had a good run, but it's time to end our rulership of Equador Confederation: if you love something, let it go!;;;;;;;;;;;;;
gtfo_ENT_title;Grant Entre Rios Independence;;;;;;;;;;;;;
gtfo_ENT_desc;We've had a good run, but it's time to end our rulership of Entre Rios: if you love something, let it go!;;;;;;;;;;;;;
gtfo_GCO_title;Grant Gran Colombia Independence;;;;;;;;;;;;;
gtfo_GCO_desc;We've had a good run, but it's time to end our rulership of Gran Colombia: if you love something, let it go!;;;;;;;;;;;;;
gtfo_GUY_title;Grant Guyana Independence;;;;;;;;;;;;;
gtfo_GUY_desc;We've had a good run, but it's time to end our rulership of Guyana: if you love something, let it go!;;;;;;;;;;;;;
gtfo_LOS_title;Grant Los Altos Independence;;;;;;;;;;;;;
gtfo_LOS_desc;We've had a good run, but it's time to end our rulership of Los Altos: if you love something, let it go!;;;;;;;;;;;;;
gtfo_LPL_title;Grant La Plata Independence;;;;;;;;;;;;;
gtfo_LPL_desc;We've had a good run, but it's time to end our rulership of La Plata: if you love something, let it go!;;;;;;;;;;;;;
gtfo_OAX_title;Grant Oaxaca Independence;;;;;;;;;;;;;
gtfo_OAX_desc;We've had a good run, but it's time to end our rulership of Oaxaca: if you love something, let it go!;;;;;;;;;;;;;
gtfo_PBC_title;Grant Peru-Bolivia Confederation Independence;;;;;;;;;;;;;
gtfo_PBC_desc;We've had a good run, but it's time to end our rulership of Peru-Bolivia Confederation: if you love something, let it go!;;;;;;;;;;;;;
gtfo_PTG_title;Grant Patagonia Independence;;;;;;;;;;;;;
gtfo_PTG_desc;We've had a good run, but it's time to end our rulership of Patagonia: if you love something, let it go!;;;;;;;;;;;;;
gtfo_RGR_title;Grant Rio Grande Independence;;;;;;;;;;;;;
gtfo_RGR_desc;We've had a good run, but it's time to end our rulership of Rio Grande: if you love something, let it go!;;;;;;;;;;;;;
gtfo_RGS_title;Grant Rio Grande do Sul Independence;;;;;;;;;;;;;
gtfo_RGS_desc;We've had a good run, but it's time to end our rulership of Rio Grande do Sul: if you love something, let it go!;;;;;;;;;;;;;
gtfo_SON_title;Grant Sonora Independence;;;;;;;;;;;;;
gtfo_SON_desc;We've had a good run, but it's time to end our rulership of Sonora: if you love something, let it go!;;;;;;;;;;;;;
gtfo_SPU_title;Grant South Peru Independence;;;;;;;;;;;;;
gtfo_SPU_desc;We've had a good run, but it's time to end our rulership of South Peru: if you love something, let it go!;;;;;;;;;;;;;
gtfo_YUC_title;Grant Yucatan Independence;;;;;;;;;;;;;
gtfo_YUC_desc;We've had a good run, but it's time to end our rulership of Yucatan: if you love something, let it go!;;;;;;;;;;;;;
gtfo_BLZ_title;Grant Belize Independence;;;;;;;;;;;;;
gtfo_BLZ_desc;We've had a good run, but it's time to end our rulership of Belize: if you love something, let it go!;;;;;;;;;;;;;
gtfo_DAK_title;Grant Dakota Independence;;;;;;;;;;;;;
gtfo_DAK_desc;We've had a good run, but it's time to end our rulership of Dakota: if you love something, let it go!;;;;;;;;;;;;;
gtfo_FSA_title;Grant Free States of America Independence;;;;;;;;;;;;;
gtfo_FSA_desc;We've had a good run, but it's time to end our rulership of Free States of America: if you love something, let it go!;;;;;;;;;;;;;
gtfo_GRN_title;Grant Greenland Independence;;;;;;;;;;;;;
gtfo_GRN_desc;We've had a good run, but it's time to end our rulership of Greenland: if you love something, let it go!;;;;;;;;;;;;;
gtfo_JAM_title;Grant Jamaica Independence;;;;;;;;;;;;;
gtfo_JAM_desc;We've had a good run, but it's time to end our rulership of Jamaica: if you love something, let it go!;;;;;;;;;;;;;
gtfo_LSK_title;Grant Alaska Independence;;;;;;;;;;;;;
gtfo_LSK_desc;We've had a good run, but it's time to end our rulership of Alaska: if you love something, let it go!;;;;;;;;;;;;;
gtfo_MRU_title;Grant Maritime Union Independence;;;;;;;;;;;;;
gtfo_MRU_desc;We've had a good run, but it's time to end our rulership of Maritime Union: if you love something, let it go!;;;;;;;;;;;;;
gtfo_PRI_title;Grant Puerto Rico Independence;;;;;;;;;;;;;
gtfo_PRI_desc;We've had a good run, but it's time to end our rulership of Puerto Rico: if you love something, let it go!;;;;;;;;;;;;;
gtfo_RPL_title;Grant Rupert's Land Independence;;;;;;;;;;;;;
gtfo_RPL_desc;We've had a good run, but it's time to end our rulership of Rupert's Land: if you love something, let it go!;;;;;;;;;;;;;
gtfo_TRS_title;Grant Tarasco Independence;;;;;;;;;;;;;
gtfo_TRS_desc;We've had a good run, but it's time to end our rulership of Tarasco: if you love something, let it go!;;;;;;;;;;;;;
gtfo_TTB_title;Grant Trinidad Independence;;;;;;;;;;;;;
gtfo_TTB_desc;We've had a good run, but it's time to end our rulership of Trinidad: if you love something, let it go!;;;;;;;;;;;;;
gtfo_UIL_title;Grant Illinois Independence;;;;;;;;;;;;;
gtfo_UIL_desc;We've had a good run, but it's time to end our rulership of Illinois: if you love something, let it go!;;;;;;;;;;;;;
gtfo_UNB_title;Grant Nebraska Independence;;;;;;;;;;;;;
gtfo_UNB_desc;We've had a good run, but it's time to end our rulership of Nebraska: if you love something, let it go!;;;;;;;;;;;;;
gtfo_UNM_title;Grant New Mexico Independence;;;;;;;;;;;;;
gtfo_UNM_desc;We've had a good run, but it's time to end our rulership of New Mexico: if you love something, let it go!;;;;;;;;;;;;;
gtfo_UOR_title;Grant Oregon Independence;;;;;;;;;;;;;
gtfo_UOR_desc;We've had a good run, but it's time to end our rulership of Oregon: if you love something, let it go!;;;;;;;;;;;;;
gtfo_ALS_title;Grant Elsass Independence;;;;;;;;;;;;;
gtfo_ALS_desc;We've had a good run, but it's time to end our rulership of Elsass: if you love something, let it go!;;;;;;;;;;;;;
gtfo_ATR_title;Grant Asturias Independence;;;;;;;;;;;;;
gtfo_ATR_desc;We've had a good run, but it's time to end our rulership of Asturias: if you love something, let it go!;;;;;;;;;;;;;
gtfo_BAN_title;Grant Banat Independence;;;;;;;;;;;;;
gtfo_BAN_desc;We've had a good run, but it's time to end our rulership of Banat: if you love something, let it go!;;;;;;;;;;;;;
gtfo_BKV_title;Grant Bukovina Independence;;;;;;;;;;;;;
gtfo_BKV_desc;We've had a good run, but it's time to end our rulership of Bukovina: if you love something, let it go!;;;;;;;;;;;;;
gtfo_BRT_title;Grant Brittany Independence;;;;;;;;;;;;;
gtfo_BRT_desc;We've had a good run, but it's time to end our rulership of Brittany: if you love something, let it go!;;;;;;;;;;;;;
gtfo_BSQ_title;Grant Basqueland Independence;;;;;;;;;;;;;
gtfo_BSQ_desc;We've had a good run, but it's time to end our rulership of Basqueland: if you love something, let it go!;;;;;;;;;;;;;
gtfo_CRS_title;Grant Corsica Independence;;;;;;;;;;;;;
gtfo_CRS_desc;We've had a good run, but it's time to end our rulership of Corsica: if you love something, let it go!;;;;;;;;;;;;;
gtfo_DLM_title;Grant Dalmatia Independence;;;;;;;;;;;;;
gtfo_DLM_desc;We've had a good run, but it's time to end our rulership of Dalmatia: if you love something, let it go!;;;;;;;;;;;;;
gtfo_ENL_title;Grant England Independence;;;;;;;;;;;;;
gtfo_ENL_desc;We've had a good run, but it's time to end our rulership of England: if you love something, let it go!;;;;;;;;;;;;;
gtfo_GLC_title;Grant Galicia Independence;;;;;;;;;;;;;
gtfo_GLC_desc;We've had a good run, but it's time to end our rulership of Galicia: if you love something, let it go!;;;;;;;;;;;;;
gtfo_GLM_title;Grant Galicia-Lodomeria Independence;;;;;;;;;;;;;
gtfo_GLM_desc;We've had a good run, but it's time to end our rulership of Galicia-Lodomeria: if you love something, let it go!;;;;;;;;;;;;;
gtfo_LOR_title;Grant Lorraine Independence;;;;;;;;;;;;;
gtfo_LOR_desc;We've had a good run, but it's time to end our rulership of Lorraine: if you love something, let it go!;;;;;;;;;;;;;
gtfo_MCD_title;Grant Macedonia Independence;;;;;;;;;;;;;
gtfo_MCD_desc;We've had a good run, but it's time to end our rulership of Macedonia: if you love something, let it go!;;;;;;;;;;;;;
gtfo_MLT_title;Grant Malta Independence;;;;;;;;;;;;;
gtfo_MLT_desc;We've had a good run, but it's time to end our rulership of Malta: if you love something, let it go!;;;;;;;;;;;;;
gtfo_OCC_title;Grant Occitania Independence;;;;;;;;;;;;;
gtfo_OCC_desc;We've had a good run, but it's time to end our rulership of Occitania: if you love something, let it go!;;;;;;;;;;;;;
gtfo_RMG_title;Grant Romagna Independence;;;;;;;;;;;;;
gtfo_RMG_desc;We've had a good run, but it's time to end our rulership of Romagna: if you love something, let it go!;;;;;;;;;;;;;
gtfo_SPC_title;Grant Carlist Spain Independence;;;;;;;;;;;;;
gtfo_SPC_desc;We've had a good run, but it's time to end our rulership of Carlist Spain: if you love something, let it go!;;;;;;;;;;;;;
gtfo_SRD_title;Grant Sardinia Independence;;;;;;;;;;;;;
gtfo_SRD_desc;We've had a good run, but it's time to end our rulership of Sardinia: if you love something, let it go!;;;;;;;;;;;;;
gtfo_SVY_title;Grant Savoy Independence;;;;;;;;;;;;;
gtfo_SVY_desc;We've had a good run, but it's time to end our rulership of Savoy: if you love something, let it go!;;;;;;;;;;;;;
gtfo_SWH_title;Grant Schleswig-Holstein Independence;;;;;;;;;;;;;
gtfo_SWH_desc;We've had a good run, but it's time to end our rulership of Schleswig-Holstein: if you love something, let it go!;;;;;;;;;;;;;
gtfo_WHA_title;Grant Wales Independence;;;;;;;;;;;;;
gtfo_WHA_desc;We've had a good run, but it's time to end our rulership of Wales: if you love something, let it go!;;;;;;;;;;;;;
gtfo_DNB_title;Grant Danubian Federation Independence;;;;;;;;;;;;;
gtfo_DNB_desc;We've had a good run, but it's time to end our rulership of Danubian Federation: if you love something, let it go!;;;;;;;;;;;;;
gtfo_LUZ_title;Grant Luzica Independence;;;;;;;;;;;;;
gtfo_LUZ_desc;We've had a good run, but it's time to end our rulership of Luzica: if you love something, let it go!;;;;;;;;;;;;;
gtfo_RHI_title;Grant Rhineland Independence;;;;;;;;;;;;;
gtfo_RHI_desc;We've had a good run, but it's time to end our rulership of Rhineland: if you love something, let it go!;;;;;;;;;;;;;
gtfo_PML_title;Grant Pomerelia Independence;;;;;;;;;;;;;
gtfo_PML_desc;We've had a good run, but it's time to end our rulership of Pomerelia: if you love something, let it go!;;;;;;;;;;;;;
gtfo_PZN_title;Grant Poznan Independence;;;;;;;;;;;;;
gtfo_PZN_desc;We've had a good run, but it's time to end our rulership of Poznan: if you love something, let it go!;;;;;;;;;;;;;
gtfo_SLS_title;Grant Silesia Independence;;;;;;;;;;;;;
gtfo_SLS_desc;We've had a good run, but it's time to end our rulership of Silesia: if you love something, let it go!;;;;;;;;;;;;;
gtfo_WES_title;Grant Westfalen Independence;;;;;;;;;;;;;
gtfo_WES_desc;We've had a good run, but it's time to end our rulership of Westfalen: if you love something, let it go!;;;;;;;;;;;;;
gtfo_AKH_title;Grant Astrakhan Independence;;;;;;;;;;;;;
gtfo_AKH_desc;We've had a good run, but it's time to end our rulership of Astrakhan: if you love something, let it go!;;;;;;;;;;;;;
gtfo_ALT_title;Grant Altai Republic Independence;;;;;;;;;;;;;
gtfo_ALT_desc;We've had a good run, but it's time to end our rulership of Altai Republic: if you love something, let it go!;;;;;;;;;;;;;
gtfo_CPL_title;Grant Congress Poland Independence;;;;;;;;;;;;;
gtfo_CPL_desc;We've had a good run, but it's time to end our rulership of Congress Poland: if you love something, let it go!;;;;;;;;;;;;;
gtfo_DON_title;Grant Cossackia Independence;;;;;;;;;;;;;
gtfo_DON_desc;We've had a good run, but it's time to end our rulership of Cossackia: if you love something, let it go!;;;;;;;;;;;;;
gtfo_IZH_title;Grant Ingria Independence;;;;;;;;;;;;;
gtfo_IZH_desc;We've had a good run, but it's time to end our rulership of Ingria: if you love something, let it go!;;;;;;;;;;;;;
gtfo_KAZ_title;Grant Kazakhstan Independence;;;;;;;;;;;;;
gtfo_KAZ_desc;We've had a good run, but it's time to end our rulership of Kazakhstan: if you love something, let it go!;;;;;;;;;;;;;
gtfo_KAM_title;Grant Kamchatka Independence;;;;;;;;;;;;;
gtfo_KAM_desc;We've had a good run, but it's time to end our rulership of Kamchatka: if you love something, let it go!;;;;;;;;;;;;;
gtfo_KMK_title;Grant Kalmykia Independence;;;;;;;;;;;;;
gtfo_KMK_desc;We've had a good run, but it's time to end our rulership of Kalmykia: if you love something, let it go!;;;;;;;;;;;;;
gtfo_KRL_title;Grant Karelia Independence;;;;;;;;;;;;;
gtfo_KRL_desc;We've had a good run, but it's time to end our rulership of Karelia: if you love something, let it go!;;;;;;;;;;;;;
gtfo_SIB_title;Grant Siberian Republic Independence;;;;;;;;;;;;;
gtfo_SIB_desc;We've had a good run, but it's time to end our rulership of Siberian Republic: if you love something, let it go!;;;;;;;;;;;;;
gtfo_TAR_title;Grant Tatarstan Independence;;;;;;;;;;;;;
gtfo_TAR_desc;We've had a good run, but it's time to end our rulership of Tatarstan: if you love something, let it go!;;;;;;;;;;;;;
gtfo_TNT_title;Grant Tannu Tuva Independence;;;;;;;;;;;;;
gtfo_TNT_desc;We've had a good run, but it's time to end our rulership of Tannu Tuva: if you love something, let it go!;;;;;;;;;;;;;
gtfo_URA_title;Grant Ural Republic Independence;;;;;;;;;;;;;
gtfo_URA_desc;We've had a good run, but it's time to end our rulership of Ural Republic: if you love something, let it go!;;;;;;;;;;;;;
gtfo_YAK_title;Grant Yakutia Independence;;;;;;;;;;;;;
gtfo_YAK_desc;We've had a good run, but it's time to end our rulership of Yakutia: if you love something, let it go!;;;;;;;;;;;;;
gtfo_ARU_title;Grant Arab Union Independence;;;;;;;;;;;;;
gtfo_ARU_desc;We've had a good run, but it's time to end our rulership of Arab Union: if you love something, let it go!;;;;;;;;;;;;;
gtfo_ASY_title;Grant Assyria Independence;;;;;;;;;;;;;
gtfo_ASY_desc;We've had a good run, but it's time to end our rulership of Assyria: if you love something, let it go!;;;;;;;;;;;;;
gtfo_BHR_title;Grant Bahrain Independence;;;;;;;;;;;;;
gtfo_BHR_desc;We've had a good run, but it's time to end our rulership of Bahrain: if you love something, let it go!;;;;;;;;;;;;;
gtfo_CIR_title;Grant Circassia Independence;;;;;;;;;;;;;
gtfo_CIR_desc;We've had a good run, but it's time to end our rulership of Circassia: if you love something, let it go!;;;;;;;;;;;;;
gtfo_CLC_title;Grant Cilicia Independence;;;;;;;;;;;;;
gtfo_CLC_desc;We've had a good run, but it's time to end our rulership of Cilicia: if you love something, let it go!;;;;;;;;;;;;;
gtfo_DAG_title;Grant Dagestan Independence;;;;;;;;;;;;;
gtfo_DAG_desc;We've had a good run, but it's time to end our rulership of Dagestan: if you love something, let it go!;;;;;;;;;;;;;
gtfo_DUR_title;Grant Durrani Empire Independence;;;;;;;;;;;;;
gtfo_DUR_desc;We've had a good run, but it's time to end our rulership of Durrani Empire: if you love something, let it go!;;;;;;;;;;;;;
gtfo_HAL_title;Grant Hail Independence;;;;;;;;;;;;;
gtfo_HAL_desc;We've had a good run, but it's time to end our rulership of Hail: if you love something, let it go!;;;;;;;;;;;;;
gtfo_JOR_title;Grant Jordan Independence;;;;;;;;;;;;;
gtfo_JOR_desc;We've had a good run, but it's time to end our rulership of Jordan: if you love something, let it go!;;;;;;;;;;;;;
gtfo_KDS_title;Grant Kurdistan Independence;;;;;;;;;;;;;
gtfo_KDS_desc;We've had a good run, but it's time to end our rulership of Kurdistan: if you love something, let it go!;;;;;;;;;;;;;
gtfo_KWT_title;Grant Kuwait Independence;;;;;;;;;;;;;
gtfo_KWT_desc;We've had a good run, but it's time to end our rulership of Kuwait: if you love something, let it go!;;;;;;;;;;;;;
gtfo_KYR_title;Grant Kyrgyzstan Independence;;;;;;;;;;;;;
gtfo_KYR_desc;We've had a good run, but it's time to end our rulership of Kyrgyzstan: if you love something, let it go!;;;;;;;;;;;;;
gtfo_LBN_title;Grant Lebanon Independence;;;;;;;;;;;;;
gtfo_LBN_desc;We've had a good run, but it's time to end our rulership of Lebanon: if you love something, let it go!;;;;;;;;;;;;;
gtfo_NYE_title;Grant North Yemen Independence;;;;;;;;;;;;;
gtfo_NYE_desc;We've had a good run, but it's time to end our rulership of North Yemen: if you love something, let it go!;;;;;;;;;;;;;
gtfo_PLS_title;Grant Palestine Independence;;;;;;;;;;;;;
gtfo_PLS_desc;We've had a good run, but it's time to end our rulership of Palestine: if you love something, let it go!;;;;;;;;;;;;;
gtfo_PNT_title;Grant Pontus Independence;;;;;;;;;;;;;
gtfo_PNT_desc;We've had a good run, but it's time to end our rulership of Pontus: if you love something, let it go!;;;;;;;;;;;;;
gtfo_SYR_title;Grant Syria Independence;;;;;;;;;;;;;
gtfo_SYR_desc;We've had a good run, but it's time to end our rulership of Syria: if you love something, let it go!;;;;;;;;;;;;;
gtfo_TAJ_title;Grant Tajikstan Independence;;;;;;;;;;;;;
gtfo_TAJ_desc;We've had a good run, but it's time to end our rulership of Tajikstan: if you love something, let it go!;;;;;;;;;;;;;
gtfo_TCA_title;Grant Transcaucasia Independence;;;;;;;;;;;;;
gtfo_TCA_desc;We've had a good run, but it's time to end our rulership of Transcaucasia: if you love something, let it go!;;;;;;;;;;;;;
gtfo_TKM_title;Grant Turkmenistan Independence;;;;;;;;;;;;;
gtfo_TKM_desc;We've had a good run, but it's time to end our rulership of Turkmenistan: if you love something, let it go!;;;;;;;;;;;;;
gtfo_TKS_title;Grant Turkestan Independence;;;;;;;;;;;;;
gtfo_TKS_desc;We've had a good run, but it's time to end our rulership of Turkestan: if you love something, let it go!;;;;;;;;;;;;;
gtfo_UYG_title;Grant Uyghurstan Independence;;;;;;;;;;;;;
gtfo_UYG_desc;We've had a good run, but it's time to end our rulership of Uyghurstan: if you love something, let it go!;;;;;;;;;;;;;
gtfo_UZB_title;Grant Uzbekistan Independence;;;;;;;;;;;;;
gtfo_UZB_desc;We've had a good run, but it's time to end our rulership of Uzbekistan: if you love something, let it go!;;;;;;;;;;;;;
gtfo_ASM_title;Grant Assam Independence;;;;;;;;;;;;;
gtfo_ASM_desc;We've had a good run, but it's time to end our rulership of Assam: if you love something, let it go!;;;;;;;;;;;;;
gtfo_BIH_title;Grant Bihar Independence;;;;;;;;;;;;;
gtfo_BIH_desc;We've had a good run, but it's time to end our rulership of Bihar: if you love something, let it go!;;;;;;;;;;;;;
gtfo_BLC_title;Grant Baluchistan Independence;;;;;;;;;;;;;
gtfo_BLC_desc;We've had a good run, but it's time to end our rulership of Baluchistan: if you love something, let it go!;;;;;;;;;;;;;
gtfo_BNG_title;Grant Bengal Independence;;;;;;;;;;;;;
gtfo_BNG_desc;We've had a good run, but it's time to end our rulership of Bengal: if you love something, let it go!;;;;;;;;;;;;;
gtfo_DRA_title;Grant Dravidistan Independence;;;;;;;;;;;;;
gtfo_DRA_desc;We've had a good run, but it's time to end our rulership of Dravidistan: if you love something, let it go!;;;;;;;;;;;;;
gtfo_KRN_title;Grant Karnatak Independence;;;;;;;;;;;;;
gtfo_KRN_desc;We've had a good run, but it's time to end our rulership of Karnatak: if you love something, let it go!;;;;;;;;;;;;;
gtfo_MAH_title;Grant Maharashtra Independence;;;;;;;;;;;;;
gtfo_MAH_desc;We've had a good run, but it's time to end our rulership of Maharashtra: if you love something, let it go!;;;;;;;;;;;;;
gtfo_#MR_title;Grant Marathas Independence;;;;;;;;;;;;;
gtfo_#MR_desc;We've had a good run, but it's time to end our rulership of Marathas: if you love something, let it go!;;;;;;;;;;;;;
gtfo_RAJ_title;Grant Rajputana Independence;;;;;;;;;;;;;
gtfo_RAJ_desc;We've had a good run, but it's time to end our rulership of Rajputana: if you love something, let it go!;;;;;;;;;;;;;
gtfo_SRI_title;Grant Sri Lanka Independence;;;;;;;;;;;;;
gtfo_SRI_desc;We've had a good run, but it's time to end our rulership of Sri Lanka: if you love something, let it go!;;;;;;;;;;;;;
gtfo_AGC_title;Grant Angoche Independence;;;;;;;;;;;;;
gtfo_AGC_desc;We've had a good run, but it's time to end our rulership of Angoche: if you love something, let it go!;;;;;;;;;;;;;
gtfo_ANG_title;Grant Angola Independence;;;;;;;;;;;;;
gtfo_ANG_desc;We've had a good run, but it's time to end our rulership of Angola: if you love something, let it go!;;;;;;;;;;;;;
gtfo_ARO_title;Grant Aro Independence;;;;;;;;;;;;;
gtfo_ARO_desc;We've had a good run, but it's time to end our rulership of Aro: if you love something, let it go!;;;;;;;;;;;;;
gtfo_ASH_title;Grant Ashanti Independence;;;;;;;;;;;;;
gtfo_ASH_desc;We've had a good run, but it's time to end our rulership of Ashanti: if you love something, let it go!;;;;;;;;;;;;;
gtfo_AWS_title;Grant Awsa Independence;;;;;;;;;;;;;
gtfo_AWS_desc;We've had a good run, but it's time to end our rulership of Awsa: if you love something, let it go!;;;;;;;;;;;;;
gtfo_AZA_title;Grant Azande Independence;;;;;;;;;;;;;
gtfo_AZA_desc;We've had a good run, but it's time to end our rulership of Azande: if you love something, let it go!;;;;;;;;;;;;;
gtfo_BEN_title;Grant Benin Independence;;;;;;;;;;;;;
gtfo_BEN_desc;We've had a good run, but it's time to end our rulership of Benin: if you love something, let it go!;;;;;;;;;;;;;
gtfo_BMK_title;Grant Bamako Independence;;;;;;;;;;;;;
gtfo_BMK_desc;We've had a good run, but it's time to end our rulership of Bamako: if you love something, let it go!;;;;;;;;;;;;;
gtfo_BRD_title;Grant Urundi Independence;;;;;;;;;;;;;
gtfo_BRD_desc;We've had a good run, but it's time to end our rulership of Urundi: if you love something, let it go!;;;;;;;;;;;;;
gtfo_BSH_title;Grant Basotho Independence;;;;;;;;;;;;;
gtfo_BSH_desc;We've had a good run, but it's time to end our rulership of Basotho: if you love something, let it go!;;;;;;;;;;;;;
gtfo_BUG_title;Grant Buganda Independence;;;;;;;;;;;;;
gtfo_BUG_desc;We've had a good run, but it's time to end our rulership of Buganda: if you love something, let it go!;;;;;;;;;;;;;
gtfo_CAR_title;Grant Central African Republic Independence;;;;;;;;;;;;;
gtfo_CAR_desc;We've had a good run, but it's time to end our rulership of Central African Republic: if you love something, let it go!;;;;;;;;;;;;;
gtfo_CGO_title;Grant Congo-Brazzaville Independence;;;;;;;;;;;;;
gtfo_CGO_desc;We've had a good run, but it's time to end our rulership of Congo-Brazzaville: if you love something, let it go!;;;;;;;;;;;;;
gtfo_CHD_title;Grant Chad Independence;;;;;;;;;;;;;
gtfo_CHD_desc;We've had a good run, but it's time to end our rulership of Chad: if you love something, let it go!;;;;;;;;;;;;;
gtfo_CLA_title;Grant Calabar Independence;;;;;;;;;;;;;
gtfo_CLA_desc;We've had a good run, but it's time to end our rulership of Calabar: if you love something, let it go!;;;;;;;;;;;;;
gtfo_CMR_title;Grant Cameroon Independence;;;;;;;;;;;;;
gtfo_CMR_desc;We've had a good run, but it's time to end our rulership of Cameroon: if you love something, let it go!;;;;;;;;;;;;;
gtfo_CYR_title;Grant Cyrenaica Independence;;;;;;;;;;;;;
gtfo_CYR_desc;We've had a good run, but it's time to end our rulership of Cyrenaica: if you love something, let it go!;;;;;;;;;;;;;
gtfo_DAH_title;Grant Dahomey Independence;;;;;;;;;;;;;
gtfo_DAH_desc;We've had a good run, but it's time to end our rulership of Dahomey: if you love something, let it go!;;;;;;;;;;;;;
gtfo_DAM_title;Grant Damagaram Independence;;;;;;;;;;;;;
gtfo_DAM_desc;We've had a good run, but it's time to end our rulership of Damagaram: if you love something, let it go!;;;;;;;;;;;;;
gtfo_DAR_title;Grant Darfur Independence;;;;;;;;;;;;;
gtfo_DAR_desc;We've had a good run, but it's time to end our rulership of Darfur: if you love something, let it go!;;;;;;;;;;;;;
gtfo_DND_title;Grant Dendi Independence;;;;;;;;;;;;;
gtfo_DND_desc;We've had a good run, but it's time to end our rulership of Dendi: if you love something, let it go!;;;;;;;;;;;;;
gtfo_GAB_title;Grant Gabon Independence;;;;;;;;;;;;;
gtfo_GAB_desc;We've had a good run, but it's time to end our rulership of Gabon: if you love something, let it go!;;;;;;;;;;;;;
gtfo_GAZ_title;Grant Gaza Independence;;;;;;;;;;;;;
gtfo_GAZ_desc;We've had a good run, but it's time to end our rulership of Gaza: if you love something, let it go!;;;;;;;;;;;;;
gtfo_GBU_title;Grant Gabu Independence;;;;;;;;;;;;;
gtfo_GBU_desc;We've had a good run, but it's time to end our rulership of Gabu: if you love something, let it go!;;;;;;;;;;;;;
gtfo_GEL_title;Grant Geledi Independence;;;;;;;;;;;;;
gtfo_GEL_desc;We've had a good run, but it's time to end our rulership of Geledi: if you love something, let it go!;;;;;;;;;;;;;
gtfo_GMB_title;Grant Gambia Independence;;;;;;;;;;;;;
gtfo_GMB_desc;We've had a good run, but it's time to end our rulership of Gambia: if you love something, let it go!;;;;;;;;;;;;;
gtfo_GNE_title;Grant Guinea Independence;;;;;;;;;;;;;
gtfo_GNE_desc;We've had a good run, but it's time to end our rulership of Guinea: if you love something, let it go!;;;;;;;;;;;;;
gtfo_GON_title;Grant Gonder Independence;;;;;;;;;;;;;
gtfo_GON_desc;We've had a good run, but it's time to end our rulership of Gonder: if you love something, let it go!;;;;;;;;;;;;;
gtfo_HAR_title;Grant Harar Independence;;;;;;;;;;;;;
gtfo_HAR_desc;We've had a good run, but it's time to end our rulership of Harar: if you love something, let it go!;;;;;;;;;;;;;
gtfo_IVC_title;Grant Ivory Coast Independence;;;;;;;;;;;;;
gtfo_IVC_desc;We've had a good run, but it's time to end our rulership of Ivory Coast: if you love something, let it go!;;;;;;;;;;;;;
gtfo_JAL_title;Grant Jallon Independence;;;;;;;;;;;;;
gtfo_JAL_desc;We've had a good run, but it's time to end our rulership of Jallon: if you love something, let it go!;;;;;;;;;;;;;
gtfo_KAF_title;Grant Kaffa Independence;;;;;;;;;;;;;
gtfo_KAF_desc;We've had a good run, but it's time to end our rulership of Kaffa: if you love something, let it go!;;;;;;;;;;;;;
gtfo_KBO_title;Grant Kanem-Bornu Independence;;;;;;;;;;;;;
gtfo_KBO_desc;We've had a good run, but it's time to end our rulership of Kanem-Bornu: if you love something, let it go!;;;;;;;;;;;;;
gtfo_KNG_title;Grant Kong Independence;;;;;;;;;;;;;
gtfo_KNG_desc;We've had a good run, but it's time to end our rulership of Kong: if you love something, let it go!;;;;;;;;;;;;;
gtfo_KNY_title;Grant Kenya Independence;;;;;;;;;;;;;
gtfo_KNY_desc;We've had a good run, but it's time to end our rulership of Kenya: if you love something, let it go!;;;;;;;;;;;;;
gtfo_KON_title;Grant Kongo Independence;;;;;;;;;;;;;
gtfo_KON_desc;We've had a good run, but it's time to end our rulership of Kongo: if you love something, let it go!;;;;;;;;;;;;;
gtfo_KUB_title;Grant Kuba Independence;;;;;;;;;;;;;
gtfo_KUB_desc;We've had a good run, but it's time to end our rulership of Kuba: if you love something, let it go!;;;;;;;;;;;;;
gtfo_KZB_title;Grant Kazembe Independence;;;;;;;;;;;;;
gtfo_KZB_desc;We've had a good run, but it's time to end our rulership of Kazembe: if you love something, let it go!;;;;;;;;;;;;;
gtfo_LBA_title;Grant Luba Independence;;;;;;;;;;;;;
gtfo_LBA_desc;We've had a good run, but it's time to end our rulership of Luba: if you love something, let it go!;;;;;;;;;;;;;
gtfo_LBY_title;Grant Libya Independence;;;;;;;;;;;;;
gtfo_LBY_desc;We've had a good run, but it's time to end our rulership of Libya: if you love something, let it go!;;;;;;;;;;;;;
gtfo_LOA_title;Grant Loango Independence;;;;;;;;;;;;;
gtfo_LOA_desc;We've had a good run, but it's time to end our rulership of Loango: if you love something, let it go!;;;;;;;;;;;;;
gtfo_LUN_title;Grant Lunda Independence;;;;;;;;;;;;;
gtfo_LUN_desc;We've had a good run, but it's time to end our rulership of Lunda: if you love something, let it go!;;;;;;;;;;;;;
gtfo_MAJ_title;Grant Majeerteen Independence;;;;;;;;;;;;;
gtfo_MAJ_desc;We've had a good run, but it's time to end our rulership of Majeerteen: if you love something, let it go!;;;;;;;;;;;;;
gtfo_MAS_title;Grant Massina Independence;;;;;;;;;;;;;
gtfo_MAS_desc;We've had a good run, but it's time to end our rulership of Massina: if you love something, let it go!;;;;;;;;;;;;;
gtfo_MAT_title;Grant Matabele Independence;;;;;;;;;;;;;
gtfo_MAT_desc;We've had a good run, but it's time to end our rulership of Matabele: if you love something, let it go!;;;;;;;;;;;;;
gtfo_MLI_title;Grant Mali Independence;;;;;;;;;;;;;
gtfo_MLI_desc;We've had a good run, but it's time to end our rulership of Mali: if you love something, let it go!;;;;;;;;;;;;;
gtfo_MLW_title;Grant Malawi Independence;;;;;;;;;;;;;
gtfo_MLW_desc;We've had a good run, but it's time to end our rulership of Malawi: if you love something, let it go!;;;;;;;;;;;;;
gtfo_MNG_title;Grant Mongo Independence;;;;;;;;;;;;;
gtfo_MNG_desc;We've had a good run, but it's time to end our rulership of Mongo: if you love something, let it go!;;;;;;;;;;;;;
gtfo_MOS_title;Grant Mossi Independence;;;;;;;;;;;;;
gtfo_MOS_desc;We've had a good run, but it's time to end our rulership of Mossi: if you love something, let it go!;;;;;;;;;;;;;
gtfo_MOZ_title;Grant Mozambique Independence;;;;;;;;;;;;;
gtfo_MOZ_desc;We've had a good run, but it's time to end our rulership of Mozambique: if you love something, let it go!;;;;;;;;;;;;;
gtfo_NGR_title;Grant Nigeria Independence;;;;;;;;;;;;;
gtfo_NGR_desc;We've had a good run, but it's time to end our rulership of Nigeria: if you love something, let it go!;;;;;;;;;;;;;
gtfo_NIG_title;Grant Niger Independence;;;;;;;;;;;;;
gtfo_NIG_desc;We've had a good run, but it's time to end our rulership of Niger: if you love something, let it go!;;;;;;;;;;;;;
gtfo_OYO_title;Grant Oyo Independence;;;;;;;;;;;;;
gtfo_OYO_desc;We've had a good run, but it's time to end our rulership of Oyo: if you love something, let it go!;;;;;;;;;;;;;
gtfo_RWA_title;Grant Ruanda Independence;;;;;;;;;;;;;
gtfo_RWA_desc;We've had a good run, but it's time to end our rulership of Ruanda: if you love something, let it go!;;;;;;;;;;;;;
gtfo_SEG_title;Grant Segu Independence;;;;;;;;;;;;;
gtfo_SEG_desc;We've had a good run, but it's time to end our rulership of Segu: if you love something, let it go!;;;;;;;;;;;;;
gtfo_SHO_title;Grant Shona Independence;;;;;;;;;;;;;
gtfo_SHO_desc;We've had a good run, but it's time to end our rulership of Shona: if you love something, let it go!;;;;;;;;;;;;;
gtfo_SHW_title;Grant Shewa Independence;;;;;;;;;;;;;
gtfo_SHW_desc;We've had a good run, but it's time to end our rulership of Shewa: if you love something, let it go!;;;;;;;;;;;;;
gtfo_SID_title;Grant Sidama Independence;;;;;;;;;;;;;
gtfo_SID_desc;We've had a good run, but it's time to end our rulership of Sidama: if you love something, let it go!;;;;;;;;;;;;;
gtfo_SLE_title;Grant Sierra Leone Independence;;;;;;;;;;;;;
gtfo_SLE_desc;We've had a good run, but it's time to end our rulership of Sierra Leone: if you love something, let it go!;;;;;;;;;;;;;
gtfo_SNG_title;Grant Senegal Independence;;;;;;;;;;;;;
gtfo_SNG_desc;We've had a good run, but it's time to end our rulership of Senegal: if you love something, let it go!;;;;;;;;;;;;;
gtfo_SOM_title;Grant Somalia Independence;;;;;;;;;;;;;
gtfo_SOM_desc;We've had a good run, but it's time to end our rulership of Somalia: if you love something, let it go!;;;;;;;;;;;;;
gtfo_SUA_title;Grant Suazi Independence;;;;;;;;;;;;;
gtfo_SUA_desc;We've had a good run, but it's time to end our rulership of Suazi: if you love something, let it go!;;;;;;;;;;;;;
gtfo_SUD_title;Grant Sudan Independence;;;;;;;;;;;;;
gtfo_SUD_desc;We've had a good run, but it's time to end our rulership of Sudan: if you love something, let it go!;;;;;;;;;;;;;
gtfo_TIG_title;Grant Tigray Independence;;;;;;;;;;;;;
gtfo_TIG_desc;We've had a good run, but it's time to end our rulership of Tigray: if you love something, let it go!;;;;;;;;;;;;;
gtfo_TNZ_title;Grant Tanzania Independence;;;;;;;;;;;;;
gtfo_TNZ_desc;We've had a good run, but it's time to end our rulership of Tanzania: if you love something, let it go!;;;;;;;;;;;;;
gtfo_TOG_title;Grant Togo Independence;;;;;;;;;;;;;
gtfo_TOG_desc;We've had a good run, but it's time to end our rulership of Togo: if you love something, let it go!;;;;;;;;;;;;;
gtfo_TOO_title;Grant Tooro Independence;;;;;;;;;;;;;
gtfo_TOO_desc;We've had a good run, but it's time to end our rulership of Tooro: if you love something, let it go!;;;;;;;;;;;;;
gtfo_TOU_title;Grant Tukulor Independence;;;;;;;;;;;;;
gtfo_TOU_desc;We've had a good run, but it's time to end our rulership of Tukulor: if you love something, let it go!;;;;;;;;;;;;;
gtfo_TRZ_title;Grant Trarza Independence;;;;;;;;;;;;;
gtfo_TRZ_desc;We've had a good run, but it's time to end our rulership of Trarza: if you love something, let it go!;;;;;;;;;;;;;
gtfo_TSW_title;Grant Botswana Independence;;;;;;;;;;;;;
gtfo_TSW_desc;We've had a good run, but it's time to end our rulership of Botswana: if you love something, let it go!;;;;;;;;;;;;;
gtfo_WAD_title;Grant Wadai Independence;;;;;;;;;;;;;
gtfo_WAD_desc;We've had a good run, but it's time to end our rulership of Wadai: if you love something, let it go!;;;;;;;;;;;;;
gtfo_WRI_title;Grant Warri Independence;;;;;;;;;;;;;
gtfo_WRI_desc;We've had a good run, but it's time to end our rulership of Warri: if you love something, let it go!;;;;;;;;;;;;;
gtfo_WOL_title;Grant Wolof Independence;;;;;;;;;;;;;
gtfo_WOL_desc;We've had a good run, but it's time to end our rulership of Wolof: if you love something, let it go!;;;;;;;;;;;;;
gtfo_XHO_title;Grant Xhosa Independence;;;;;;;;;;;;;
gtfo_XHO_desc;We've had a good run, but it's time to end our rulership of Xhosa: if you love something, let it go!;;;;;;;;;;;;;
gtfo_ZAM_title;Grant Zambia Independence;;;;;;;;;;;;;
gtfo_ZAM_desc;We've had a good run, but it's time to end our rulership of Zambia: if you love something, let it go!;;;;;;;;;;;;;
gtfo_DJA_title;Grant Jambi Independence;;;;;;;;;;;;;
gtfo_DJA_desc;We've had a good run, but it's time to end our rulership of Jambi: if you love something, let it go!;;;;;;;;;;;;;
gtfo_FJN_title;Grant Fujian Independence;;;;;;;;;;;;;
gtfo_FJN_desc;We've had a good run, but it's time to end our rulership of Fujian: if you love something, let it go!;;;;;;;;;;;;;
gtfo_GMJ_title;Grant Guominjun Independence;;;;;;;;;;;;;
gtfo_GMJ_desc;We've had a good run, but it's time to end our rulership of Guominjun: if you love something, let it go!;;;;;;;;;;;;;
gtfo_GNG_title;Grant Guangdong Independence;;;;;;;;;;;;;
gtfo_GNG_desc;We've had a good run, but it's time to end our rulership of Guangdong: if you love something, let it go!;;;;;;;;;;;;;
gtfo_HNN_title;Grant Hunan Independence;;;;;;;;;;;;;
gtfo_HNN_desc;We've had a good run, but it's time to end our rulership of Hunan: if you love something, let it go!;;;;;;;;;;;;;
gtfo_HUI_title;Grant Anhui Independence;;;;;;;;;;;;;
gtfo_HUI_desc;We've had a good run, but it's time to end our rulership of Anhui: if you love something, let it go!;;;;;;;;;;;;;
gtfo_INO_title;Grant Indonesia Independence;;;;;;;;;;;;;
gtfo_INO_desc;We've had a good run, but it's time to end our rulership of Indonesia: if you love something, let it go!;;;;;;;;;;;;;
gtfo_KCH_title;Grant Kachin Independence;;;;;;;;;;;;;
gtfo_KCH_desc;We've had a good run, but it's time to end our rulership of Kachin: if you love something, let it go!;;;;;;;;;;;;;
gtfo_KLM_title;Grant Kalimantan Independence;;;;;;;;;;;;;
gtfo_KLM_desc;We've had a good run, but it's time to end our rulership of Kalimantan: if you love something, let it go!;;;;;;;;;;;;;
gtfo_KMT_title;Grant Nationalist China Independence;;;;;;;;;;;;;
gtfo_KMT_desc;We've had a good run, but it's time to end our rulership of Nationalist China: if you love something, let it go!;;;;;;;;;;;;;
gtfo_KTI_title;Grant Kutai Independence;;;;;;;;;;;;;
gtfo_KTI_desc;We've had a good run, but it's time to end our rulership of Kutai: if you love something, let it go!;;;;;;;;;;;;;
gtfo_LAN_title;Grant Lanfang Independence;;;;;;;;;;;;;
gtfo_LAN_desc;We've had a good run, but it's time to end our rulership of Lanfang: if you love something, let it go!;;;;;;;;;;;;;
gtfo_LXA_title;Grant Lan Xang Independence;;;;;;;;;;;;;
gtfo_LXA_desc;We've had a good run, but it's time to end our rulership of Lan Xang: if you love something, let it go!;;;;;;;;;;;;;
gtfo_MAL_title;Grant Maluku Independence;;;;;;;;;;;;;
gtfo_MAL_desc;We've had a good run, but it's time to end our rulership of Maluku: if you love something, let it go!;;;;;;;;;;;;;
gtfo_MLY_title;Grant Malaya Independence;;;;;;;;;;;;;
gtfo_MLY_desc;We've had a good run, but it's time to end our rulership of Malaya: if you love something, let it go!;;;;;;;;;;;;;
gtfo_SHA_title;Grant Shan Independence;;;;;;;;;;;;;
gtfo_SHA_desc;We've had a good run, but it's time to end our rulership of Shan: if you love something, let it go!;;;;;;;;;;;;;
gtfo_SLW_title;Grant Sulawesi Independence;;;;;;;;;;;;;
gtfo_SLW_desc;We've had a good run, but it's time to end our rulership of Sulawesi: if you love something, let it go!;;;;;;;;;;;;;
gtfo_SAK_title;Grant Siak Independence;;;;;;;;;;;;;
gtfo_SAK_desc;We've had a good run, but it's time to end our rulership of Siak: if you love something, let it go!;;;;;;;;;;;;;
gtfo_SUL_title;Grant Sulu Independence;;;;;;;;;;;;;
gtfo_SUL_desc;We've had a good run, but it's time to end our rulership of Sulu: if you love something, let it go!;;;;;;;;;;;;;
gtfo_SWK_title;Grant Sarawak Independence;;;;;;;;;;;;;
gtfo_SWK_desc;We've had a good run, but it's time to end our rulership of Sarawak: if you love something, let it go!;;;;;;;;;;;;;
gtfo_SZC_title;Grant Sichuan Independence;;;;;;;;;;;;;
gtfo_SZC_desc;We've had a good run, but it's time to end our rulership of Sichuan: if you love something, let it go!;;;;;;;;;;;;;
gtfo_TAI_title;Grant Taiwan Independence;;;;;;;;;;;;;
gtfo_TAI_desc;We've had a good run, but it's time to end our rulership of Taiwan: if you love something, let it go!;;;;;;;;;;;;;
gtfo_CHO_title;Grant Choshu Independence;;;;;;;;;;;;;
gtfo_CHO_desc;We've had a good run, but it's time to end our rulership of Choshu: if you love something, let it go!;;;;;;;;;;;;;
gtfo_KAG_title;Grant Kaga Independence;;;;;;;;;;;;;
gtfo_KAG_desc;We've had a good run, but it's time to end our rulership of Kaga: if you love something, let it go!;;;;;;;;;;;;;
gtfo_RYU_title;Grant Ryukyu Independence;;;;;;;;;;;;;
gtfo_RYU_desc;We've had a good run, but it's time to end our rulership of Ryukyu: if you love something, let it go!;;;;;;;;;;;;;
gtfo_SAT_title;Grant Satsuma Independence;;;;;;;;;;;;;
gtfo_SAT_desc;We've had a good run, but it's time to end our rulership of Satsuma: if you love something, let it go!;;;;;;;;;;;;;
gtfo_SEN_title;Grant Sendai Independence;;;;;;;;;;;;;
gtfo_SEN_desc;We've had a good run, but it's time to end our rulership of Sendai: if you love something, let it go!;;;;;;;;;;;;;
gtfo_TKG_title;Grant Shogunate Japan Independence;;;;;;;;;;;;;
gtfo_TKG_desc;We've had a good run, but it's time to end our rulership of Shogunate Japan: if you love something, let it go!;;;;;;;;;;;;;
gtfo_TOS_title;Grant Tosa Independence;;;;;;;;;;;;;
gtfo_TOS_desc;We've had a good run, but it's time to end our rulership of Tosa: if you love something, let it go!;;;;;;;;;;;;;
gtfo_YZW_title;Grant Yonezawa Independence;;;;;;;;;;;;;
gtfo_YZW_desc;We've had a good run, but it's time to end our rulership of Yonezawa: if you love something, let it go!;;;;;;;;;;;;;
gtfo_FIJ_title;Grant Fiji Independence;;;;;;;;;;;;;
gtfo_FIJ_desc;We've had a good run, but it's time to end our rulership of Fiji: if you love something, let it go!;;;;;;;;;;;;;
gtfo_TGA_title;Grant Tonga Independence;;;;;;;;;;;;;
gtfo_TGA_desc;We've had a good run, but it's time to end our rulership of Tonga: if you love something, let it go!;;;;;;;;;;;;;
gtfo_ARA_title;Grant Arabia Independence;;;;;;;;;;;;;
gtfo_ARA_desc;We've had a good run, but it's time to end our rulership of Arabia: if you love something, let it go!;;;;;;;;;;;;;
gtfo_BYE_title;Grant Belarus Independence;;;;;;;;;;;;;
gtfo_BYE_desc;We've had a good run, but it's time to end our rulership of Belarus: if you love something, let it go!;;;;;;;;;;;;;
gtfo_PLC_title;Grant Poland-Lithuania Independence;;;;;;;;;;;;;
gtfo_PLC_desc;We've had a good run, but it's time to end our rulership of Poland-Lithuania: if you love something, let it go!;;;;;;;;;;;;;
gtfo_UBD_title;Grant United Baltic Provinces Independence;;;;;;;;;;;;;
gtfo_UBD_desc;We've had a good run, but it's time to end our rulership of United Baltic Provinces: if you love something, let it go!;;;;;;;;;;;;;
gtfo_DEN_title;Grant Denmark Independence;;;;;;;;;;;;;
gtfo_DEN_desc;We've had a good run, but it's time to end our rulership of Denmark: if you love something, let it go!;;;;;;;;;;;;;
gtfo_FIN_title;Grant Finland Independence;;;;;;;;;;;;;
gtfo_FIN_desc;We've had a good run, but it's time to end our rulership of Finland: if you love something, let it go!;;;;;;;;;;;;;
gtfo_NOR_title;Grant Norway Independence;;;;;;;;;;;;;
gtfo_NOR_desc;We've had a good run, but it's time to end our rulership of Norway: if you love something, let it go!;;;;;;;;;;;;;
gtfo_SCA_title;Grant Scandinavia Independence;;;;;;;;;;;;;
gtfo_SCA_desc;We've had a good run, but it's time to end our rulership of Scandinavia: if you love something, let it go!;;;;;;;;;;;;;
gtfo_SWE_title;Grant Sweden Independence;;;;;;;;;;;;;
gtfo_SWE_desc;We've had a good run, but it's time to end our rulership of Sweden: if you love something, let it go!;;;;;;;;;;;;;
gtfo_BEL_title;Grant Belgium Independence;;;;;;;;;;;;;
gtfo_BEL_desc;We've had a good run, but it's time to end our rulership of Belgium: if you love something, let it go!;;;;;;;;;;;;;
gtfo_CAT_title;Grant Catalonia Independence;;;;;;;;;;;;;
gtfo_CAT_desc;We've had a good run, but it's time to end our rulership of Catalonia: if you love something, let it go!;;;;;;;;;;;;;
gtfo_FLA_title;Grant Flanders Independence;;;;;;;;;;;;;
gtfo_FLA_desc;We've had a good run, but it's time to end our rulership of Flanders: if you love something, let it go!;;;;;;;;;;;;;
gtfo_IRE_title;Grant Ireland Independence;;;;;;;;;;;;;
gtfo_IRE_desc;We've had a good run, but it's time to end our rulership of Ireland: if you love something, let it go!;;;;;;;;;;;;;
gtfo_NET_title;Grant Netherlands Independence;;;;;;;;;;;;;
gtfo_NET_desc;We've had a good run, but it's time to end our rulership of Netherlands: if you love something, let it go!;;;;;;;;;;;;;
gtfo_POR_title;Grant Portugal Independence;;;;;;;;;;;;;
gtfo_POR_desc;We've had a good run, but it's time to end our rulership of Portugal: if you love something, let it go!;;;;;;;;;;;;;
gtfo_SCO_title;Grant Scotland Independence;;;;;;;;;;;;;
gtfo_SCO_desc;We've had a good run, but it's time to end our rulership of Scotland: if you love something, let it go!;;;;;;;;;;;;;
gtfo_SPA_title;Grant Spain Independence;;;;;;;;;;;;;
gtfo_SPA_desc;We've had a good run, but it's time to end our rulership of Spain: if you love something, let it go!;;;;;;;;;;;;;
gtfo_WLL_title;Grant Wallonia Independence;;;;;;;;;;;;;
gtfo_WLL_desc;We've had a good run, but it's time to end our rulership of Wallonia: if you love something, let it go!;;;;;;;;;;;;;
gtfo_ANH_title;Grant Anhalt Independence;;;;;;;;;;;;;
gtfo_ANH_desc;We've had a good run, but it's time to end our rulership of Anhalt: if you love something, let it go!;;;;;;;;;;;;;
gtfo_BAD_title;Grant Baden Independence;;;;;;;;;;;;;
gtfo_BAD_desc;We've had a good run, but it's time to end our rulership of Baden: if you love something, let it go!;;;;;;;;;;;;;
gtfo_BAV_title;Grant Bavaria Independence;;;;;;;;;;;;;
gtfo_BAV_desc;We've had a good run, but it's time to end our rulership of Bavaria: if you love something, let it go!;;;;;;;;;;;;;
gtfo_BRA_title;Grant Braunschweig Independence;;;;;;;;;;;;;
gtfo_BRA_desc;We've had a good run, but it's time to end our rulership of Braunschweig: if you love something, let it go!;;;;;;;;;;;;;
gtfo_BRE_title;Grant Bremen Independence;;;;;;;;;;;;;
gtfo_BRE_desc;We've had a good run, but it's time to end our rulership of Bremen: if you love something, let it go!;;;;;;;;;;;;;
gtfo_COB_title;Grant Saxe-Coburg-Gotha Independence;;;;;;;;;;;;;
gtfo_COB_desc;We've had a good run, but it's time to end our rulership of Saxe-Coburg-Gotha: if you love something, let it go!;;;;;;;;;;;;;
gtfo_DZG_title;Grant Danzig Independence;;;;;;;;;;;;;
gtfo_DZG_desc;We've had a good run, but it's time to end our rulership of Danzig: if you love something, let it go!;;;;;;;;;;;;;
gtfo_FRM_title;Grant Frankfurt am Main Independence;;;;;;;;;;;;;
gtfo_FRM_desc;We've had a good run, but it's time to end our rulership of Frankfurt am Main: if you love something, let it go!;;;;;;;;;;;;;
gtfo_HAM_title;Grant Hamburg Independence;;;;;;;;;;;;;
gtfo_HAM_desc;We've had a good run, but it's time to end our rulership of Hamburg: if you love something, let it go!;;;;;;;;;;;;;
gtfo_HAN_title;Grant Hanover Independence;;;;;;;;;;;;;
gtfo_HAN_desc;We've had a good run, but it's time to end our rulership of Hanover: if you love something, let it go!;;;;;;;;;;;;;
gtfo_HES_title;Grant Hesse-Darmstadt Independence;;;;;;;;;;;;;
gtfo_HES_desc;We've had a good run, but it's time to end our rulership of Hesse-Darmstadt: if you love something, let it go!;;;;;;;;;;;;;
gtfo_HEK_title;Grant Hesse-Kassel Independence;;;;;;;;;;;;;
gtfo_HEK_desc;We've had a good run, but it's time to end our rulership of Hesse-Kassel: if you love something, let it go!;;;;;;;;;;;;;
gtfo_HOL_title;Grant Holstein Independence;;;;;;;;;;;;;
gtfo_HOL_desc;We've had a good run, but it's time to end our rulership of Holstein: if you love something, let it go!;;;;;;;;;;;;;
gtfo_LIP_title;Grant Lippe-Detmold Independence;;;;;;;;;;;;;
gtfo_LIP_desc;We've had a good run, but it's time to end our rulership of Lippe-Detmold: if you love something, let it go!;;;;;;;;;;;;;
gtfo_LUB_title;Grant Lubeck Independence;;;;;;;;;;;;;
gtfo_LUB_desc;We've had a good run, but it's time to end our rulership of Lubeck: if you love something, let it go!;;;;;;;;;;;;;
gtfo_LUX_title;Grant Luxemburg Independence;;;;;;;;;;;;;
gtfo_LUX_desc;We've had a good run, but it's time to end our rulership of Luxemburg: if you love something, let it go!;;;;;;;;;;;;;
gtfo_MEC_title;Grant Mecklenburg Independence;;;;;;;;;;;;;
gtfo_MEC_desc;We've had a good run, but it's time to end our rulership of Mecklenburg: if you love something, let it go!;;;;;;;;;;;;;
gtfo_MEI_title;Grant Saxe-Meiningen Independence;;;;;;;;;;;;;
gtfo_MEI_desc;We've had a good run, but it's time to end our rulership of Saxe-Meiningen: if you love something, let it go!;;;;;;;;;;;;;
gtfo_NAS_title;Grant Nassau Independence;;;;;;;;;;;;;
gtfo_NAS_desc;We've had a good run, but it's time to end our rulership of Nassau: if you love something, let it go!;;;;;;;;;;;;;
gtfo_NGF_title;Grant North German Fed Independence;;;;;;;;;;;;;
gtfo_NGF_desc;We've had a good run, but it's time to end our rulership of North German Fed: if you love something, let it go!;;;;;;;;;;;;;
gtfo_OLD_title;Grant Oldenburg Independence;;;;;;;;;;;;;
gtfo_OLD_desc;We've had a good run, but it's time to end our rulership of Oldenburg: if you love something, let it go!;;;;;;;;;;;;;
gtfo_SAX_title;Grant Saxony Independence;;;;;;;;;;;;;
gtfo_SAX_desc;We've had a good run, but it's time to end our rulership of Saxony: if you love something, let it go!;;;;;;;;;;;;;
gtfo_SCH_title;Grant Schleswig Independence;;;;;;;;;;;;;
gtfo_SCH_desc;We've had a good run, but it's time to end our rulership of Schleswig: if you love something, let it go!;;;;;;;;;;;;;
gtfo_SGF_title;Grant South German Fed Independence;;;;;;;;;;;;;
gtfo_SGF_desc;We've had a good run, but it's time to end our rulership of South German Fed: if you love something, let it go!;;;;;;;;;;;;;
gtfo_WEI_title;Grant Saxe-Weimar Independence;;;;;;;;;;;;;
gtfo_WEI_desc;We've had a good run, but it's time to end our rulership of Saxe-Weimar: if you love something, let it go!;;;;;;;;;;;;;
gtfo_WUR_title;Grant Wurttemberg Independence;;;;;;;;;;;;;
gtfo_WUR_desc;We've had a good run, but it's time to end our rulership of Wurttemberg: if you love something, let it go!;;;;;;;;;;;;;
gtfo_LOM_title;Grant Lombardia Independence;;;;;;;;;;;;;
gtfo_LOM_desc;We've had a good run, but it's time to end our rulership of Lombardia: if you love something, let it go!;;;;;;;;;;;;;
gtfo_LUC_title;Grant Lucca Independence;;;;;;;;;;;;;
gtfo_LUC_desc;We've had a good run, but it's time to end our rulership of Lucca: if you love something, let it go!;;;;;;;;;;;;;
gtfo_MOD_title;Grant Modena Independence;;;;;;;;;;;;;
gtfo_MOD_desc;We've had a good run, but it's time to end our rulership of Modena: if you love something, let it go!;;;;;;;;;;;;;
gtfo_PAP_title;Grant Papal States Independence;;;;;;;;;;;;;
gtfo_PAP_desc;We've had a good run, but it's time to end our rulership of Papal States: if you love something, let it go!;;;;;;;;;;;;;
gtfo_PAR_title;Grant Parma Independence;;;;;;;;;;;;;
gtfo_PAR_desc;We've had a good run, but it's time to end our rulership of Parma: if you love something, let it go!;;;;;;;;;;;;;
gtfo_SAR_title;Grant Sardinia-Piedmont Independence;;;;;;;;;;;;;
gtfo_SAR_desc;We've had a good run, but it's time to end our rulership of Sardinia-Piedmont: if you love something, let it go!;;;;;;;;;;;;;
gtfo_SIC_title;Grant Two Sicilies Independence;;;;;;;;;;;;;
gtfo_SIC_desc;We've had a good run, but it's time to end our rulership of Two Sicilies: if you love something, let it go!;;;;;;;;;;;;;
gtfo_TRE_title;Grant Trieste Independence;;;;;;;;;;;;;
gtfo_TRE_desc;We've had a good run, but it's time to end our rulership of Trieste: if you love something, let it go!;;;;;;;;;;;;;
gtfo_TUS_title;Grant Tuscany Independence;;;;;;;;;;;;;
gtfo_TUS_desc;We've had a good run, but it's time to end our rulership of Tuscany: if you love something, let it go!;;;;;;;;;;;;;
gtfo_VEN_title;Grant Venice Independence;;;;;;;;;;;;;
gtfo_VEN_desc;We've had a good run, but it's time to end our rulership of Venice: if you love something, let it go!;;;;;;;;;;;;;
gtfo_BOH_title;Grant Bohemia-Moravia Independence;;;;;;;;;;;;;
gtfo_BOH_desc;We've had a good run, but it's time to end our rulership of Bohemia-Moravia: if you love something, let it go!;;;;;;;;;;;;;
gtfo_KRA_title;Grant Krakow Independence;;;;;;;;;;;;;
gtfo_KRA_desc;We've had a good run, but it's time to end our rulership of Krakow: if you love something, let it go!;;;;;;;;;;;;;
gtfo_CRI_title;Grant Crimea Independence;;;;;;;;;;;;;
gtfo_CRI_desc;We've had a good run, but it's time to end our rulership of Crimea: if you love something, let it go!;;;;;;;;;;;;;
gtfo_EST_title;Grant Estonia Independence;;;;;;;;;;;;;
gtfo_EST_desc;We've had a good run, but it's time to end our rulership of Estonia: if you love something, let it go!;;;;;;;;;;;;;
gtfo_HUN_title;Grant Hungary Independence;;;;;;;;;;;;;
gtfo_HUN_desc;We've had a good run, but it's time to end our rulership of Hungary: if you love something, let it go!;;;;;;;;;;;;;
gtfo_LIT_title;Grant Lithuania Independence;;;;;;;;;;;;;
gtfo_LIT_desc;We've had a good run, but it's time to end our rulership of Lithuania: if you love something, let it go!;;;;;;;;;;;;;
gtfo_LAT_title;Grant Latvia Independence;;;;;;;;;;;;;
gtfo_LAT_desc;We've had a good run, but it's time to end our rulership of Latvia: if you love something, let it go!;;;;;;;;;;;;;
gtfo_POL_title;Grant Poland Independence;;;;;;;;;;;;;
gtfo_POL_desc;We've had a good run, but it's time to end our rulership of Poland: if you love something, let it go!;;;;;;;;;;;;;
gtfo_SLV_title;Grant Slovakia Independence;;;;;;;;;;;;;
gtfo_SLV_desc;We've had a good run, but it's time to end our rulership of Slovakia: if you love something, let it go!;;;;;;;;;;;;;
gtfo_SWI_title;Grant Switzerland Independence;;;;;;;;;;;;;
gtfo_SWI_desc;We've had a good run, but it's time to end our rulership of Switzerland: if you love something, let it go!;;;;;;;;;;;;;
gtfo_RUT_title;Grant Ruthenia Independence;;;;;;;;;;;;;
gtfo_RUT_desc;We've had a good run, but it's time to end our rulership of Ruthenia: if you love something, let it go!;;;;;;;;;;;;;
gtfo_SIE_title;Grant Siebenburgen Independence;;;;;;;;;;;;;
gtfo_SIE_desc;We've had a good run, but it's time to end our rulership of Siebenburgen: if you love something, let it go!;;;;;;;;;;;;;
gtfo_UKR_title;Grant Ukraine Independence;;;;;;;;;;;;;
gtfo_UKR_desc;We've had a good run, but it's time to end our rulership of Ukraine: if you love something, let it go!;;;;;;;;;;;;;
gtfo_CZH_title;Grant Czechoslovakia Independence;;;;;;;;;;;;;
gtfo_CZH_desc;We've had a good run, but it's time to end our rulership of Czechoslovakia: if you love something, let it go!;;;;;;;;;;;;;
gtfo_ALB_title;Grant Albania Independence;;;;;;;;;;;;;
gtfo_ALB_desc;We've had a good run, but it's time to end our rulership of Albania: if you love something, let it go!;;;;;;;;;;;;;
gtfo_BOS_title;Grant Bosnia-Herzegovina Independence;;;;;;;;;;;;;
gtfo_BOS_desc;We've had a good run, but it's time to end our rulership of Bosnia-Herzegovina: if you love something, let it go!;;;;;;;;;;;;;
gtfo_BUL_title;Grant Bulgaria Independence;;;;;;;;;;;;;
gtfo_BUL_desc;We've had a good run, but it's time to end our rulership of Bulgaria: if you love something, let it go!;;;;;;;;;;;;;
gtfo_CRE_title;Grant Crete Independence;;;;;;;;;;;;;
gtfo_CRE_desc;We've had a good run, but it's time to end our rulership of Crete: if you love something, let it go!;;;;;;;;;;;;;
gtfo_CRO_title;Grant Croatia Independence;;;;;;;;;;;;;
gtfo_CRO_desc;We've had a good run, but it's time to end our rulership of Croatia: if you love something, let it go!;;;;;;;;;;;;;
gtfo_CYP_title;Grant Cyprus Independence;;;;;;;;;;;;;
gtfo_CYP_desc;We've had a good run, but it's time to end our rulership of Cyprus: if you love something, let it go!;;;;;;;;;;;;;
gtfo_GRE_title;Grant Greece Independence;;;;;;;;;;;;;
gtfo_GRE_desc;We've had a good run, but it's time to end our rulership of Greece: if you love something, let it go!;;;;;;;;;;;;;
gtfo_ION_title;Grant Ionian Islands Independence;;;;;;;;;;;;;
gtfo_ION_desc;We've had a good run, but it's time to end our rulership of Ionian Islands: if you love something, let it go!;;;;;;;;;;;;;
gtfo_MOL_title;Grant Moldavia Independence;;;;;;;;;;;;;
gtfo_MOL_desc;We've had a good run, but it's time to end our rulership of Moldavia: if you love something, let it go!;;;;;;;;;;;;;
gtfo_MON_title;Grant Montenegro Independence;;;;;;;;;;;;;
gtfo_MON_desc;We've had a good run, but it's time to end our rulership of Montenegro: if you love something, let it go!;;;;;;;;;;;;;
gtfo_ROM_title;Grant Romania Independence;;;;;;;;;;;;;
gtfo_ROM_desc;We've had a good run, but it's time to end our rulership of Romania: if you love something, let it go!;;;;;;;;;;;;;
gtfo_SER_title;Grant Serbia Independence;;;;;;;;;;;;;
gtfo_SER_desc;We've had a good run, but it's time to end our rulership of Serbia: if you love something, let it go!;;;;;;;;;;;;;
gtfo_SLO_title;Grant Slovenia Independence;;;;;;;;;;;;;
gtfo_SLO_desc;We've had a good run, but it's time to end our rulership of Slovenia: if you love something, let it go!;;;;;;;;;;;;;
gtfo_TUR_title;Grant Ottoman Empire Independence;;;;;;;;;;;;;
gtfo_TUR_desc;We've had a good run, but it's time to end our rulership of Ottoman Empire: if you love something, let it go!;;;;;;;;;;;;;
gtfo_WAL_title;Grant Wallachia Independence;;;;;;;;;;;;;
gtfo_WAL_desc;We've had a good run, but it's time to end our rulership of Wallachia: if you love something, let it go!;;;;;;;;;;;;;
gtfo_YUG_title;Grant Yugoslavia Independence;;;;;;;;;;;;;
gtfo_YUG_desc;We've had a good run, but it's time to end our rulership of Yugoslavia: if you love something, let it go!;;;;;;;;;;;;;
gtfo_ALD_title;Grant Aldjazair Independence;;;;;;;;;;;;;
gtfo_ALD_desc;We've had a good run, but it's time to end our rulership of Aldjazair: if you love something, let it go!;;;;;;;;;;;;;
gtfo_CNG_title;Grant Congo Free State Independence;;;;;;;;;;;;;
gtfo_CNG_desc;We've had a good run, but it's time to end our rulership of Congo Free State: if you love something, let it go!;;;;;;;;;;;;;
gtfo_EGY_title;Grant Egypt Independence;;;;;;;;;;;;;
gtfo_EGY_desc;We've had a good run, but it's time to end our rulership of Egypt: if you love something, let it go!;;;;;;;;;;;;;
gtfo_ETH_title;Grant Ethiopia Independence;;;;;;;;;;;;;
gtfo_ETH_desc;We've had a good run, but it's time to end our rulership of Ethiopia: if you love something, let it go!;;;;;;;;;;;;;
gtfo_MAD_title;Grant Madagascar Independence;;;;;;;;;;;;;
gtfo_MAD_desc;We've had a good run, but it's time to end our rulership of Madagascar: if you love something, let it go!;;;;;;;;;;;;;
gtfo_LIB_title;Grant Liberia Independence;;;;;;;;;;;;;
gtfo_LIB_desc;We've had a good run, but it's time to end our rulership of Liberia: if you love something, let it go!;;;;;;;;;;;;;
gtfo_MOR_title;Grant Morocco Independence;;;;;;;;;;;;;
gtfo_MOR_desc;We've had a good run, but it's time to end our rulership of Morocco: if you love something, let it go!;;;;;;;;;;;;;
gtfo_NAL_title;Grant Natalia Independence;;;;;;;;;;;;;
gtfo_NAL_desc;We've had a good run, but it's time to end our rulership of Natalia: if you love something, let it go!;;;;;;;;;;;;;
gtfo_ORA_title;Grant Oranje Independence;;;;;;;;;;;;;
gtfo_ORA_desc;We've had a good run, but it's time to end our rulership of Oranje: if you love something, let it go!;;;;;;;;;;;;;
gtfo_SAF_title;Grant South Africa Independence;;;;;;;;;;;;;
gtfo_SAF_desc;We've had a good run, but it's time to end our rulership of South Africa: if you love something, let it go!;;;;;;;;;;;;;
gtfo_SOK_title;Grant Sokoto Independence;;;;;;;;;;;;;
gtfo_SOK_desc;We've had a good run, but it's time to end our rulership of Sokoto: if you love something, let it go!;;;;;;;;;;;;;
gtfo_RHO_title;Grant Southern Rhodesia Independence;;;;;;;;;;;;;
gtfo_RHO_desc;We've had a good run, but it's time to end our rulership of Southern Rhodesia: if you love something, let it go!;;;;;;;;;;;;;
gtfo_TRI_title;Grant Tripoli Independence;;;;;;;;;;;;;
gtfo_TRI_desc;We've had a good run, but it's time to end our rulership of Tripoli: if you love something, let it go!;;;;;;;;;;;;;
gtfo_TRN_title;Grant Transvaal Independence;;;;;;;;;;;;;
gtfo_TRN_desc;We've had a good run, but it's time to end our rulership of Transvaal: if you love something, let it go!;;;;;;;;;;;;;
gtfo_TUN_title;Grant Tunis Independence;;;;;;;;;;;;;
gtfo_TUN_desc;We've had a good run, but it's time to end our rulership of Tunis: if you love something, let it go!;;;;;;;;;;;;;
gtfo_ZAN_title;Grant Zanzibar Independence;;;;;;;;;;;;;
gtfo_ZAN_desc;We've had a good run, but it's time to end our rulership of Zanzibar: if you love something, let it go!;;;;;;;;;;;;;
gtfo_ZUL_title;Grant Zulu Independence;;;;;;;;;;;;;
gtfo_ZUL_desc;We've had a good run, but it's time to end our rulership of Zulu: if you love something, let it go!;;;;;;;;;;;;;
gtfo_ABU_title;Grant Abu Dhabi Independence;;;;;;;;;;;;;
gtfo_ABU_desc;We've had a good run, but it's time to end our rulership of Abu Dhabi: if you love something, let it go!;;;;;;;;;;;;;
gtfo_AFG_title;Grant Afghanistan Independence;;;;;;;;;;;;;
gtfo_AFG_desc;We've had a good run, but it's time to end our rulership of Afghanistan: if you love something, let it go!;;;;;;;;;;;;;
gtfo_ARM_title;Grant Armenia Independence;;;;;;;;;;;;;
gtfo_ARM_desc;We've had a good run, but it's time to end our rulership of Armenia: if you love something, let it go!;;;;;;;;;;;;;
gtfo_AZB_title;Grant Azerbaijan Independence;;;;;;;;;;;;;
gtfo_AZB_desc;We've had a good run, but it's time to end our rulership of Azerbaijan: if you love something, let it go!;;;;;;;;;;;;;
gtfo_BUK_title;Grant Bukkhara Independence;;;;;;;;;;;;;
gtfo_BUK_desc;We've had a good run, but it's time to end our rulership of Bukkhara: if you love something, let it go!;;;;;;;;;;;;;
gtfo_GEO_title;Grant Georgia Independence;;;;;;;;;;;;;
gtfo_GEO_desc;We've had a good run, but it's time to end our rulership of Georgia: if you love something, let it go!;;;;;;;;;;;;;
gtfo_HDJ_title;Grant Hedjaz Independence;;;;;;;;;;;;;
gtfo_HDJ_desc;We've had a good run, but it's time to end our rulership of Hedjaz: if you love something, let it go!;;;;;;;;;;;;;
gtfo_IRQ_title;Grant Iraq Independence;;;;;;;;;;;;;
gtfo_IRQ_desc;We've had a good run, but it's time to end our rulership of Iraq: if you love something, let it go!;;;;;;;;;;;;;
gtfo_KHI_title;Grant Khiva Independence;;;;;;;;;;;;;
gtfo_KHI_desc;We've had a good run, but it's time to end our rulership of Khiva: if you love something, let it go!;;;;;;;;;;;;;
gtfo_KOK_title;Grant Kokand Independence;;;;;;;;;;;;;
gtfo_KOK_desc;We've had a good run, but it's time to end our rulership of Kokand: if you love something, let it go!;;;;;;;;;;;;;
gtfo_MUG_title;Grant Mughalistan Independence;;;;;;;;;;;;;
gtfo_MUG_desc;We've had a good run, but it's time to end our rulership of Mughalistan: if you love something, let it go!;;;;;;;;;;;;;
gtfo_NEJ_title;Grant Nejd Independence;;;;;;;;;;;;;
gtfo_NEJ_desc;We've had a good run, but it's time to end our rulership of Nejd: if you love something, let it go!;;;;;;;;;;;;;
gtfo_OMA_title;Grant Oman Independence;;;;;;;;;;;;;
gtfo_OMA_desc;We've had a good run, but it's time to end our rulership of Oman: if you love something, let it go!;;;;;;;;;;;;;
gtfo_PER_title;Grant Persia Independence;;;;;;;;;;;;;
gtfo_PER_desc;We've had a good run, but it's time to end our rulership of Persia: if you love something, let it go!;;;;;;;;;;;;;
gtfo_YEM_title;Grant Yemen Independence;;;;;;;;;;;;;
gtfo_YEM_desc;We've had a good run, but it's time to end our rulership of Yemen: if you love something, let it go!;;;;;;;;;;;;;
gtfo_HND_title;Grant India Independence;;;;;;;;;;;;;
gtfo_HND_desc;We've had a good run, but it's time to end our rulership of India: if you love something, let it go!;;;;;;;;;;;;;
gtfo_AWA_title;Grant Awadh Independence;;;;;;;;;;;;;
gtfo_AWA_desc;We've had a good run, but it's time to end our rulership of Awadh: if you love something, let it go!;;;;;;;;;;;;;
gtfo_BAS_title;Grant Bastar Independence;;;;;;;;;;;;;
gtfo_BAS_desc;We've had a good run, but it's time to end our rulership of Bastar: if you love something, let it go!;;;;;;;;;;;;;
gtfo_BER_title;Grant Beroda Independence;;;;;;;;;;;;;
gtfo_BER_desc;We've had a good run, but it's time to end our rulership of Beroda: if you love something, let it go!;;;;;;;;;;;;;
gtfo_BHO_title;Grant Bhopal Independence;;;;;;;;;;;;;
gtfo_BHO_desc;We've had a good run, but it's time to end our rulership of Bhopal: if you love something, let it go!;;;;;;;;;;;;;
gtfo_BIK_title;Grant Bikaner Independence;;;;;;;;;;;;;
gtfo_BIK_desc;We've had a good run, but it's time to end our rulership of Bikaner: if you love something, let it go!;;;;;;;;;;;;;
gtfo_BUN_title;Grant Bundelkhand Independence;;;;;;;;;;;;;
gtfo_BUN_desc;We've had a good run, but it's time to end our rulership of Bundelkhand: if you love something, let it go!;;;;;;;;;;;;;
gtfo_GWA_title;Grant Gwailor Independence;;;;;;;;;;;;;
gtfo_GWA_desc;We've had a good run, but it's time to end our rulership of Gwailor: if you love something, let it go!;;;;;;;;;;;;;
gtfo_HYD_title;Grant Hyderabad Independence;;;;;;;;;;;;;
gtfo_HYD_desc;We've had a good run, but it's time to end our rulership of Hyderabad: if you love something, let it go!;;;;;;;;;;;;;
gtfo_IND_title;Grant Indore Independence;;;;;;;;;;;;;
gtfo_IND_desc;We've had a good run, but it's time to end our rulership of Indore: if you love something, let it go!;;;;;;;;;;;;;
gtfo_JAI_title;Grant Jaipur Independence;;;;;;;;;;;;;
gtfo_JAI_desc;We've had a good run, but it's time to end our rulership of Jaipur: if you love something, let it go!;;;;;;;;;;;;;
gtfo_JAS_title;Grant Jaisalmer Independence;;;;;;;;;;;;;
gtfo_JAS_desc;We've had a good run, but it's time to end our rulership of Jaisalmer: if you love something, let it go!;;;;;;;;;;;;;
gtfo_JOD_title;Grant Jodhpur Independence;;;;;;;;;;;;;
gtfo_JOD_desc;We've had a good run, but it's time to end our rulership of Jodhpur: if you love something, let it go!;;;;;;;;;;;;;
gtfo_KAL_title;Grant Kalat Independence;;;;;;;;;;;;;
gtfo_KAL_desc;We've had a good run, but it's time to end our rulership of Kalat: if you love something, let it go!;;;;;;;;;;;;;
gtfo_KAS_title;Grant Kashmir Independence;;;;;;;;;;;;;
gtfo_KAS_desc;We've had a good run, but it's time to end our rulership of Kashmir: if you love something, let it go!;;;;;;;;;;;;;
gtfo_KUT_title;Grant Kutch Independence;;;;;;;;;;;;;
gtfo_KUT_desc;We've had a good run, but it's time to end our rulership of Kutch: if you love something, let it go!;;;;;;;;;;;;;
gtfo_LAD_title;Grant Ladakh Independence;;;;;;;;;;;;;
gtfo_LAD_desc;We've had a good run, but it's time to end our rulership of Ladakh: if you love something, let it go!;;;;;;;;;;;;;
gtfo_MAK_title;Grant Makran Independence;;;;;;;;;;;;;
gtfo_MAK_desc;We've had a good run, but it's time to end our rulership of Makran: if you love something, let it go!;;;;;;;;;;;;;
gtfo_MEW_title;Grant Mewar Independence;;;;;;;;;;;;;
gtfo_MEW_desc;We've had a good run, but it's time to end our rulership of Mewar: if you love something, let it go!;;;;;;;;;;;;;
gtfo_MYS_title;Grant Mysore Independence;;;;;;;;;;;;;
gtfo_MYS_desc;We've had a good run, but it's time to end our rulership of Mysore: if you love something, let it go!;;;;;;;;;;;;;
gtfo_NAG_title;Grant Nagpur Independence;;;;;;;;;;;;;
gtfo_NAG_desc;We've had a good run, but it's time to end our rulership of Nagpur: if you love something, let it go!;;;;;;;;;;;;;
gtfo_NEP_title;Grant Nepal Independence;;;;;;;;;;;;;
gtfo_NEP_desc;We've had a good run, but it's time to end our rulership of Nepal: if you love something, let it go!;;;;;;;;;;;;;
gtfo_ORI_title;Grant Orissa Independence;;;;;;;;;;;;;
gtfo_ORI_desc;We've had a good run, but it's time to end our rulership of Orissa: if you love something, let it go!;;;;;;;;;;;;;
gtfo_PNJ_title;Grant Panjab Independence;;;;;;;;;;;;;
gtfo_PNJ_desc;We've had a good run, but it's time to end our rulership of Panjab: if you love something, let it go!;;;;;;;;;;;;;
gtfo_SHI_title;Grant Shimla Independence;;;;;;;;;;;;;
gtfo_SHI_desc;We've had a good run, but it's time to end our rulership of Shimla: if you love something, let it go!;;;;;;;;;;;;;
gtfo_SIK_title;Grant Sikkim Independence;;;;;;;;;;;;;
gtfo_SIK_desc;We've had a good run, but it's time to end our rulership of Sikkim: if you love something, let it go!;;;;;;;;;;;;;
gtfo_SIN_title;Grant Sind Independence;;;;;;;;;;;;;
gtfo_SIN_desc;We've had a good run, but it's time to end our rulership of Sind: if you love something, let it go!;;;;;;;;;;;;;
gtfo_TRA_title;Grant Travancore Independence;;;;;;;;;;;;;
gtfo_TRA_desc;We've had a good run, but it's time to end our rulership of Travancore: if you love something, let it go!;;;;;;;;;;;;;
gtfo_ATJ_title;Grant Atjeh Independence;;;;;;;;;;;;;
gtfo_ATJ_desc;We've had a good run, but it's time to end our rulership of Atjeh: if you love something, let it go!;;;;;;;;;;;;;
gtfo_BAL_title;Grant Bali Independence;;;;;;;;;;;;;
gtfo_BAL_desc;We've had a good run, but it's time to end our rulership of Bali: if you love something, let it go!;;;;;;;;;;;;;
gtfo_BHU_title;Grant Bhutan Independence;;;;;;;;;;;;;
gtfo_BHU_desc;We've had a good run, but it's time to end our rulership of Bhutan: if you love something, let it go!;;;;;;;;;;;;;
gtfo_BRU_title;Grant Brunei Independence;;;;;;;;;;;;;
gtfo_BRU_desc;We've had a good run, but it's time to end our rulership of Brunei: if you love something, let it go!;;;;;;;;;;;;;
gtfo_BUR_title;Grant Burma Independence;;;;;;;;;;;;;
gtfo_BUR_desc;We've had a good run, but it's time to end our rulership of Burma: if you love something, let it go!;;;;;;;;;;;;;
gtfo_CAM_title;Grant Cambodia Independence;;;;;;;;;;;;;
gtfo_CAM_desc;We've had a good run, but it's time to end our rulership of Cambodia: if you love something, let it go!;;;;;;;;;;;;;
gtfo_CHI_title;Grant China Independence;;;;;;;;;;;;;
gtfo_CHI_desc;We've had a good run, but it's time to end our rulership of China: if you love something, let it go!;;;;;;;;;;;;;
gtfo_DAI_title;Grant Dai Viet Independence;;;;;;;;;;;;;
gtfo_DAI_desc;We've had a good run, but it's time to end our rulership of Dai Viet: if you love something, let it go!;;;;;;;;;;;;;
gtfo_JAV_title;Grant Java Independence;;;;;;;;;;;;;
gtfo_JAV_desc;We've had a good run, but it's time to end our rulership of Java: if you love something, let it go!;;;;;;;;;;;;;
gtfo_KOR_title;Grant Korea Independence;;;;;;;;;;;;;
gtfo_KOR_desc;We've had a good run, but it's time to end our rulership of Korea: if you love something, let it go!;;;;;;;;;;;;;
gtfo_LUA_title;Grant Luang Prabang Independence;;;;;;;;;;;;;
gtfo_LUA_desc;We've had a good run, but it's time to end our rulership of Luang Prabang: if you love something, let it go!;;;;;;;;;;;;;
gtfo_JOH_title;Grant Johore Independence;;;;;;;;;;;;;
gtfo_JOH_desc;We've had a good run, but it's time to end our rulership of Johore: if you love something, let it go!;;;;;;;;;;;;;
gtfo_SIA_title;Grant Siam Independence;;;;;;;;;;;;;
gtfo_SIA_desc;We've had a good run, but it's time to end our rulership of Siam: if you love something, let it go!;;;;;;;;;;;;;
gtfo_TIB_title;Grant Tibet Independence;;;;;;;;;;;;;
gtfo_TIB_desc;We've had a good run, but it's time to end our rulership of Tibet: if you love something, let it go!;;;;;;;;;;;;;
gtfo_MGL_title;Grant Mongolia Independence;;;;;;;;;;;;;
gtfo_MGL_desc;We've had a good run, but it's time to end our rulership of Mongolia: if you love something, let it go!;;;;;;;;;;;;;
gtfo_WIA_title;Grant Wiang Chhan Independence;;;;;;;;;;;;;
gtfo_WIA_desc;We've had a good run, but it's time to end our rulership of Wiang Chhan: if you love something, let it go!;;;;;;;;;;;;;
gtfo_PHL_title;Grant Philippines Independence;;;;;;;;;;;;;
gtfo_PHL_desc;We've had a good run, but it's time to end our rulership of Philippines: if you love something, let it go!;;;;;;;;;;;;;
gtfo_MCK_title;Grant Manchukuo Independence;;;;;;;;;;;;;
gtfo_MCK_desc;We've had a good run, but it's time to end our rulership of Manchukuo: if you love something, let it go!;;;;;;;;;;;;;
gtfo_GXI_title;Grant Guangxi Clique Independence;;;;;;;;;;;;;
gtfo_GXI_desc;We've had a good run, but it's time to end our rulership of Guangxi Clique: if you love something, let it go!;;;;;;;;;;;;;
gtfo_SXI_title;Grant Shanxi Independence;;;;;;;;;;;;;
gtfo_SXI_desc;We've had a good run, but it's time to end our rulership of Shanxi: if you love something, let it go!;;;;;;;;;;;;;
gtfo_YNN_title;Grant Yunnan Independence;;;;;;;;;;;;;
gtfo_YNN_desc;We've had a good run, but it's time to end our rulership of Yunnan: if you love something, let it go!;;;;;;;;;;;;;
gtfo_XBI_title;Grant Xibei San Ma Independence;;;;;;;;;;;;;
gtfo_XBI_desc;We've had a good run, but it's time to end our rulership of Xibei San Ma: if you love something, let it go!;;;;;;;;;;;;;
gtfo_XIN_title;Grant Xinjiang Independence;;;;;;;;;;;;;
gtfo_XIN_desc;We've had a good run, but it's time to end our rulership of Xinjiang: if you love something, let it go!;;;;;;;;;;;;;
gtfo_CAL_title;Grant Californian Republic Independence;;;;;;;;;;;;;
gtfo_CAL_desc;We've had a good run, but it's time to end our rulership of Californian Republic: if you love something, let it go!;;;;;;;;;;;;;
gtfo_CAN_title;Grant Canada Independence;;;;;;;;;;;;;
gtfo_CAN_desc;We've had a good run, but it's time to end our rulership of Canada: if you love something, let it go!;;;;;;;;;;;;;
gtfo_CHE_title;Grant Cherokee Independence;;;;;;;;;;;;;
gtfo_CHE_desc;We've had a good run, but it's time to end our rulership of Cherokee: if you love something, let it go!;;;;;;;;;;;;;
gtfo_COL_title;Grant Columbia Independence;;;;;;;;;;;;;
gtfo_COL_desc;We've had a good run, but it's time to end our rulership of Columbia: if you love something, let it go!;;;;;;;;;;;;;
gtfo_COS_title;Grant Costa Rica Independence;;;;;;;;;;;;;
gtfo_COS_desc;We've had a good run, but it's time to end our rulership of Costa Rica: if you love something, let it go!;;;;;;;;;;;;;
gtfo_CSA_title;Grant CSA Independence;;;;;;;;;;;;;
gtfo_CSA_desc;We've had a good run, but it's time to end our rulership of CSA: if you love something, let it go!;;;;;;;;;;;;;
gtfo_CUB_title;Grant Cuba Independence;;;;;;;;;;;;;
gtfo_CUB_desc;We've had a good run, but it's time to end our rulership of Cuba: if you love something, let it go!;;;;;;;;;;;;;
gtfo_DES_title;Grant Deseret Independence;;;;;;;;;;;;;
gtfo_DES_desc;We've had a good run, but it's time to end our rulership of Deseret: if you love something, let it go!;;;;;;;;;;;;;
gtfo_DOM_title;Grant Dominican Republic Independence;;;;;;;;;;;;;
gtfo_DOM_desc;We've had a good run, but it's time to end our rulership of Dominican Republic: if you love something, let it go!;;;;;;;;;;;;;
gtfo_ELS_title;Grant El Salvador Independence;;;;;;;;;;;;;
gtfo_ELS_desc;We've had a good run, but it's time to end our rulership of El Salvador: if you love something, let it go!;;;;;;;;;;;;;
gtfo_GUA_title;Grant Guatemala Independence;;;;;;;;;;;;;
gtfo_GUA_desc;We've had a good run, but it's time to end our rulership of Guatemala: if you love something, let it go!;;;;;;;;;;;;;
gtfo_HAI_title;Grant Haiti Independence;;;;;;;;;;;;;
gtfo_HAI_desc;We've had a good run, but it's time to end our rulership of Haiti: if you love something, let it go!;;;;;;;;;;;;;
gtfo_HAW_title;Grant Hawaii Independence;;;;;;;;;;;;;
gtfo_HAW_desc;We've had a good run, but it's time to end our rulership of Hawaii: if you love something, let it go!;;;;;;;;;;;;;
gtfo_MEX_title;Grant Mexico Independence;;;;;;;;;;;;;
gtfo_MEX_desc;We've had a good run, but it's time to end our rulership of Mexico: if you love something, let it go!;;;;;;;;;;;;;
gtfo_MTC_title;Grant Metis Confederacy Independence;;;;;;;;;;;;;
gtfo_MTC_desc;We've had a good run, but it's time to end our rulership of Metis Confederacy: if you love something, let it go!;;;;;;;;;;;;;
gtfo_HON_title;Grant Honduras Independence;;;;;;;;;;;;;
gtfo_HON_desc;We've had a good run, but it's time to end our rulership of Honduras: if you love something, let it go!;;;;;;;;;;;;;
gtfo_NEN_title;Grant New England Independence;;;;;;;;;;;;;
gtfo_NEN_desc;We've had a good run, but it's time to end our rulership of New England: if you love something, let it go!;;;;;;;;;;;;;
gtfo_NEW_title;Grant Newfoundland Independence;;;;;;;;;;;;;
gtfo_NEW_desc;We've had a good run, but it's time to end our rulership of Newfoundland: if you love something, let it go!;;;;;;;;;;;;;
gtfo_NIC_title;Grant Nicaragua Independence;;;;;;;;;;;;;
gtfo_NIC_desc;We've had a good run, but it's time to end our rulership of Nicaragua: if you love something, let it go!;;;;;;;;;;;;;
gtfo_PNM_title;Grant Panama Independence;;;;;;;;;;;;;
gtfo_PNM_desc;We've had a good run, but it's time to end our rulership of Panama: if you love something, let it go!;;;;;;;;;;;;;
gtfo_QUE_title;Grant Quebec Independence;;;;;;;;;;;;;
gtfo_QUE_desc;We've had a good run, but it's time to end our rulership of Quebec: if you love something, let it go!;;;;;;;;;;;;;
gtfo_TEX_title;Grant Texas Independence;;;;;;;;;;;;;
gtfo_TEX_desc;We've had a good run, but it's time to end our rulership of Texas: if you love something, let it go!;;;;;;;;;;;;;
gtfo_UCA_title;Grant United States of Central America Independence;;;;;;;;;;;;;
gtfo_UCA_desc;We've had a good run, but it's time to end our rulership of United States of Central America: if you love something, let it go!;;;;;;;;;;;;;
gtfo_ARG_title;Grant Argentina Independence;;;;;;;;;;;;;
gtfo_ARG_desc;We've had a good run, but it's time to end our rulership of Argentina: if you love something, let it go!;;;;;;;;;;;;;
gtfo_BOL_title;Grant Bolivia Independence;;;;;;;;;;;;;
gtfo_BOL_desc;We've had a good run, but it's time to end our rulership of Bolivia: if you love something, let it go!;;;;;;;;;;;;;
gtfo_BRZ_title;Grant Brazil Independence;;;;;;;;;;;;;
gtfo_BRZ_desc;We've had a good run, but it's time to end our rulership of Brazil: if you love something, let it go!;;;;;;;;;;;;;
gtfo_CHL_title;Grant Chile Independence;;;;;;;;;;;;;
gtfo_CHL_desc;We've had a good run, but it's time to end our rulership of Chile: if you love something, let it go!;;;;;;;;;;;;;
gtfo_CLM_title;Grant Colombia Independence;;;;;;;;;;;;;
gtfo_CLM_desc;We've had a good run, but it's time to end our rulership of Colombia: if you love something, let it go!;;;;;;;;;;;;;
gtfo_ECU_title;Grant Ecuador Independence;;;;;;;;;;;;;
gtfo_ECU_desc;We've had a good run, but it's time to end our rulership of Ecuador: if you love something, let it go!;;;;;;;;;;;;;
gtfo_PEU_title;Grant Peru Independence;;;;;;;;;;;;;
gtfo_PEU_desc;We've had a good run, but it's time to end our rulership of Peru: if you love something, let it go!;;;;;;;;;;;;;
gtfo_PRG_title;Grant Paraguay Independence;;;;;;;;;;;;;
gtfo_PRG_desc;We've had a good run, but it's time to end our rulership of Paraguay: if you love something, let it go!;;;;;;;;;;;;;
gtfo_URU_title;Grant Uruguay Independence;;;;;;;;;;;;;
gtfo_URU_desc;We've had a good run, but it's time to end our rulership of Uruguay: if you love something, let it go!;;;;;;;;;;;;;
gtfo_VNZ_title;Grant Venezuela Independence;;;;;;;;;;;;;
gtfo_VNZ_desc;We've had a good run, but it's time to end our rulership of Venezuela: if you love something, let it go!;;;;;;;;;;;;;
gtfo_AST_title;Grant Australia Independence;;;;;;;;;;;;;
gtfo_AST_desc;We've had a good run, but it's time to end our rulership of Australia: if you love something, let it go!;;;;;;;;;;;;;
gtfo_NZL_title;Grant New Zealand Independence;;;;;;;;;;;;;
gtfo_NZL_desc;We've had a good run, but it's time to end our rulership of New Zealand: if you love something, let it go!;;;;;;;;;;;;;
gtfo_ENG_title;Grant United Kingdom Independence;;;;;;;;;;;;;
gtfo_ENG_desc;We've had a good run, but it's time to end our rulership of United Kingdom: if you love something, let it go!;;;;;;;;;;;;;
gtfo_RUS_title;Grant Russia Independence;;;;;;;;;;;;;
gtfo_RUS_desc;We've had a good run, but it's time to end our rulership of Russia: if you love something, let it go!;;;;;;;;;;;;;
gtfo_FRA_title;Grant France Independence;;;;;;;;;;;;;
gtfo_FRA_desc;We've had a good run, but it's time to end our rulership of France: if you love something, let it go!;;;;;;;;;;;;;
gtfo_PRU_title;Grant Prussia Independence;;;;;;;;;;;;;
gtfo_PRU_desc;We've had a good run, but it's time to end our rulership of Prussia: if you love something, let it go!;;;;;;;;;;;;;
gtfo_GER_title;Grant Germany Independence;;;;;;;;;;;;;
gtfo_GER_desc;We've had a good run, but it's time to end our rulership of Germany: if you love something, let it go!;;;;;;;;;;;;;
gtfo_AUS_title;Grant Austria Independence;;;;;;;;;;;;;
gtfo_AUS_desc;We've had a good run, but it's time to end our rulership of Austria: if you love something, let it go!;;;;;;;;;;;;;
gtfo_USA_title;Grant USA Independence;;;;;;;;;;;;;
gtfo_USA_desc;We've had a good run, but it's time to end our rulership of USA: if you love something, let it go!;;;;;;;;;;;;;
gtfo_JAP_title;Grant Japan Independence;;;;;;;;;;;;;
gtfo_JAP_desc;We've had a good run, but it's time to end our rulership of Japan: if you love something, let it go!;;;;;;;;;;;;;
gtfo_ITA_title;Grant Italy Independence;;;;;;;;;;;;;
gtfo_ITA_desc;We've had a good run, but it's time to end our rulership of Italy: if you love something, let it go!;;;;;;;;;;;;;
gtfo_KUK_title;Grant Austria-Hungary Independence;;;;;;;;;;;;;
gtfo_KUK_desc;We've had a good run, but it's time to end our rulership of Austria-Hungary: if you love something, let it go!;;;;;;;;;;;;;
gtfo_ISR_title;Grant Israel Independence;;;;;;;;;;;;;
gtfo_ISR_desc;We've had a good run, but it's time to end our rulership of Israel: if you love something, let it go!;;;;;;;;;;;;;
gtfo_ICL_title;Grant Iceland Independence;;;;;;;;;;;;;
gtfo_ICL_desc;We've had a good run, but it's time to end our rulership of Iceland: if you love something, let it go!;;;;;;;;;;;;;
gtfo_IBR_title;Grant Iberia Independence;;;;;;;;;;;;;
gtfo_IBR_desc;We've had a good run, but it's time to end our rulership of Iberia: if you love something, let it go!;;;;;;;;;;;;;
gtfo_BYZ_title;Grant Byzantium Independence;;;;;;;;;;;;;
gtfo_BYZ_desc;We've had a good run, but it's time to end our rulership of Byzantium: if you love something, let it go!;;;;;;;;;;;;;
gtfo_BAB_title;Grant Babylonia Independence;;;;;;;;;;;;;
gtfo_BAB_desc;We've had a good run, but it's time to end our rulership of Babylonia: if you love something, let it go!;;;;;;;;;;;;;
gtfo_TPG_title;Grant Taiping Independence;;;;;;;;;;;;;
gtfo_TPG_desc;We've had a good run, but it's time to end our rulership of Taiping: if you love something, let it go!;;;;;;;;;;;;;
gtfo_D01_title;Grant D01 Independence;;;;;;;;;;;;;
gtfo_D01_desc;We've had a good run, but it's time to end our rulership of D01: if you love something, let it go!;;;;;;;;;;;;;
gtfo_D02_title;Grant D02 Independence;;;;;;;;;;;;;
gtfo_D02_desc;We've had a good run, but it's time to end our rulership of D02: if you love something, let it go!;;;;;;;;;;;;;
gtfo_D03_title;Grant D03 Independence;;;;;;;;;;;;;
gtfo_D03_desc;We've had a good run, but it's time to end our rulership of D03: if you love something, let it go!;;;;;;;;;;;;;
gtfo_D04_title;Grant D04 Independence;;;;;;;;;;;;;
gtfo_D04_desc;We've had a good run, but it's time to end our rulership of D04: if you love something, let it go!;;;;;;;;;;;;;
gtfo_D05_title;Grant D05 Independence;;;;;;;;;;;;;
gtfo_D05_desc;We've had a good run, but it's time to end our rulership of D05: if you love something, let it go!;;;;;;;;;;;;;
gtfo_D06_title;Grant D06 Independence;;;;;;;;;;;;;
gtfo_D06_desc;We've had a good run, but it's time to end our rulership of D06: if you love something, let it go!;;;;;;;;;;;;;
gtfo_D07_title;Grant D07 Independence;;;;;;;;;;;;;
gtfo_D07_desc;We've had a good run, but it's time to end our rulership of D07: if you love something, let it go!;;;;;;;;;;;;;
gtfo_D08_title;Grant D08 Independence;;;;;;;;;;;;;
gtfo_D08_desc;We've had a good run, but it's time to end our rulership of D08: if you love something, let it go!;;;;;;;;;;;;;
gtfo_D09_title;Grant D09 Independence;;;;;;;;;;;;;
gtfo_D09_desc;We've had a good run, but it's time to end our rulership of D09: if you love something, let it go!;;;;;;;;;;;;;
gtfo_D10_title;Grant D10 Independence;;;;;;;;;;;;;
gtfo_D10_desc;We've had a good run, but it's time to end our rulership of D10: if you love something, let it go!;;;;;;;;;;;;;
gtfo_D11_title;Grant D11 Independence;;;;;;;;;;;;;
gtfo_D11_desc;We've had a good run, but it's time to end our rulership of D11: if you love something, let it go!;;;;;;;;;;;;;
gtfo_D12_title;Grant D12 Independence;;;;;;;;;;;;;
gtfo_D12_desc;We've had a good run, but it's time to end our rulership of D12: if you love something, let it go!;;;;;;;;;;;;;
gtfo_D13_title;Grant D13 Independence;;;;;;;;;;;;;
gtfo_D13_desc;We've had a good run, but it's time to end our rulership of D13: if you love something, let it go!;;;;;;;;;;;;;
gtfo_D14_title;Grant D14 Independence;;;;;;;;;;;;;
gtfo_D14_desc;We've had a good run, but it's time to end our rulership of D14: if you love something, let it go!;;;;;;;;;;;;;
gtfo_D15_title;Grant D15 Independence;;;;;;;;;;;;;
gtfo_D15_desc;We've had a good run, but it's time to end our rulership of D15: if you love something, let it go!;;;;;;;;;;;;;
gtfo_D16_title;Grant D16 Independence;;;;;;;;;;;;;
gtfo_D16_desc;We've had a good run, but it's time to end our rulership of D16: if you love something, let it go!;;;;;;;;;;;;;
gtfo_D17_title;Grant D17 Independence;;;;;;;;;;;;;
gtfo_D17_desc;We've had a good run, but it's time to end our rulership of D17: if you love something, let it go!;;;;;;;;;;;;;
gtfo_D18_title;Grant D18 Independence;;;;;;;;;;;;;
gtfo_D18_desc;We've had a good run, but it's time to end our rulership of D18: if you love something, let it go!;;;;;;;;;;;;;
gtfo_D19_title;Grant D19 Independence;;;;;;;;;;;;;
gtfo_D19_desc;We've had a good run, but it's time to end our rulership of D19: if you love something, let it go!;;;;;;;;;;;;;
gtfo_D20_title;Grant D20 Independence;;;;;;;;;;;;;
gtfo_D20_desc;We've had a good run, but it's time to end our rulership of D20: if you love something, let it go!;;;;;;;;;;;;;
gtfo_D21_title;Grant D21 Independence;;;;;;;;;;;;;
gtfo_D21_desc;We've had a good run, but it's time to end our rulership of D21: if you love something, let it go!;;;;;;;;;;;;;
gtfo_D22_title;Grant D22 Independence;;;;;;;;;;;;;
gtfo_D22_desc;We've had a good run, but it's time to end our rulership of D22: if you love something, let it go!;;;;;;;;;;;;;
gtfo_D23_title;Grant D23 Independence;;;;;;;;;;;;;
gtfo_D23_desc;We've had a good run, but it's time to end our rulership of D23: if you love something, let it go!;;;;;;;;;;;;;
gtfo_D24_title;Grant D24 Independence;;;;;;;;;;;;;
gtfo_D24_desc;We've had a good run, but it's time to end our rulership of D24: if you love something, let it go!;;;;;;;;;;;;;
gtfo_D25_title;Grant D25 Independence;;;;;;;;;;;;;
gtfo_D25_desc;We've had a good run, but it's time to end our rulership of D25: if you love something, let it go!;;;;;;;;;;;;;
gtfo_D26_title;Grant D26 Independence;;;;;;;;;;;;;
gtfo_D26_desc;We've had a good run, but it's time to end our rulership of D26: if you love something, let it go!;;;;;;;;;;;;;
gtfo_D27_title;Grant D27 Independence;;;;;;;;;;;;;
gtfo_D27_desc;We've had a good run, but it's time to end our rulership of D27: if you love something, let it go!;;;;;;;;;;;;;
gtfo_D28_title;Grant D28 Independence;;;;;;;;;;;;;
gtfo_D28_desc;We've had a good run, but it's time to end our rulership of D28: if you love something, let it go!;;;;;;;;;;;;;
gtfo_D29_title;Grant D29 Independence;;;;;;;;;;;;;
gtfo_D29_desc;We've had a good run, but it's time to end our rulership of D29: if you love something, let it go!;;;;;;;;;;;;;
gtfo_D30_title;Grant D30 Independence;;;;;;;;;;;;;
gtfo_D30_desc;We've had a good run, but it's time to end our rulership of D30: if you love something, let it go!;;;;;;;;;;;;;
gtfo_D31_title;Grant D31 Independence;;;;;;;;;;;;;
gtfo_D31_desc;We've had a good run, but it's time to end our rulership of D31: if you love something, let it go!;;;;;;;;;;;;;
gtfo_D32_title;Grant D32 Independence;;;;;;;;;;;;;
gtfo_D32_desc;We've had a good run, but it's time to end our rulership of D32: if you love something, let it go!;;;;;;;;;;;;;
gtfo_D33_title;Grant D33 Independence;;;;;;;;;;;;;
gtfo_D33_desc;We've had a good run, but it's time to end our rulership of D33: if you love something, let it go!;;;;;;;;;;;;;
gtfo_D34_title;Grant D34 Independence;;;;;;;;;;;;;
gtfo_D34_desc;We've had a good run, but it's time to end our rulership of D34: if you love something, let it go!;;;;;;;;;;;;;
gtfo_D35_title;Grant D35 Independence;;;;;;;;;;;;;
gtfo_D35_desc;We've had a good run, but it's time to end our rulership of D35: if you love something, let it go!;;;;;;;;;;;;;
gtfo_D36_title;Grant D36 Independence;;;;;;;;;;;;;
gtfo_D36_desc;We've had a good run, but it's time to end our rulership of D36: if you love something, let it go!;;;;;;;;;;;;;
gtfo_D37_title;Grant D37 Independence;;;;;;;;;;;;;
gtfo_D37_desc;We've had a good run, but it's time to end our rulership of D37: if you love something, let it go!;;;;;;;;;;;;;
gtfo_D38_title;Grant D38 Independence;;;;;;;;;;;;;
gtfo_D38_desc;We've had a good run, but it's time to end our rulership of D38: if you love something, let it go!;;;;;;;;;;;;;
gtfo_D39_title;Grant D39 Independence;;;;;;;;;;;;;
gtfo_D39_desc;We've had a good run, but it's time to end our rulership of D39: if you love something, let it go!;;;;;;;;;;;;;
gtfo_D40_title;Grant D40 Independence;;;;;;;;;;;;;
gtfo_D40_desc;We've had a good run, but it's time to end our rulership of D40: if you love something, let it go!;;;;;;;;;;;;;
gtfo_D41_title;Grant D41 Independence;;;;;;;;;;;;;
gtfo_D41_desc;We've had a good run, but it's time to end our rulership of D41: if you love something, let it go!;;;;;;;;;;;;;
gtfo_D42_title;Grant D42 Independence;;;;;;;;;;;;;
gtfo_D42_desc;We've had a good run, but it's time to end our rulership of D42: if you love something, let it go!;;;;;;;;;;;;;
gtfo_D43_title;Grant D43 Independence;;;;;;;;;;;;;
gtfo_D43_desc;We've had a good run, but it's time to end our rulership of D43: if you love something, let it go!;;;;;;;;;;;;;
gtfo_D44_title;Grant D44 Independence;;;;;;;;;;;;;
gtfo_D44_desc;We've had a good run, but it's time to end our rulership of D44: if you love something, let it go!;;;;;;;;;;;;;
gtfo_D45_title;Grant D45 Independence;;;;;;;;;;;;;
gtfo_D45_desc;We've had a good run, but it's time to end our rulership of D45: if you love something, let it go!;;;;;;;;;;;;;
gtfo_D46_title;Grant D46 Independence;;;;;;;;;;;;;
gtfo_D46_desc;We've had a good run, but it's time to end our rulership of D46: if you love something, let it go!;;;;;;;;;;;;;
gtfo_D47_title;Grant D47 Independence;;;;;;;;;;;;;
gtfo_D47_desc;We've had a good run, but it's time to end our rulership of D47: if you love something, let it go!;;;;;;;;;;;;;
gtfo_D48_title;Grant D48 Independence;;;;;;;;;;;;;
gtfo_D48_desc;We've had a good run, but it's time to end our rulership of D48: if you love something, let it go!;;;;;;;;;;;;;
gtfo_D49_title;Grant D49 Independence;;;;;;;;;;;;;
gtfo_D49_desc;We've had a good run, but it's time to end our rulership of D49: if you love something, let it go!;;;;;;;;;;;;;
gtfo_D50_title;Grant D50 Independence;;;;;;;;;;;;;
gtfo_D50_desc;We've had a good run, but it's time to end our rulership of D50: if you love something, let it go!;;;;;;;;;;;;;
